-- MySQL dump 10.13  Distrib 5.6.26, for osx10.8 (x86_64)
--
-- Host: localhost    Database: nsboard
-- ------------------------------------------------------
-- Server version	5.6.26

/*!40101 SET @OLD_CHARACTER_SET_CLIENT=@@CHARACTER_SET_CLIENT */;
/*!40101 SET @OLD_CHARACTER_SET_RESULTS=@@CHARACTER_SET_RESULTS */;
/*!40101 SET @OLD_COLLATION_CONNECTION=@@COLLATION_CONNECTION */;
/*!40101 SET NAMES utf8 */;
/*!40103 SET @OLD_TIME_ZONE=@@TIME_ZONE */;
/*!40103 SET TIME_ZONE='+00:00' */;
/*!40014 SET @OLD_UNIQUE_CHECKS=@@UNIQUE_CHECKS, UNIQUE_CHECKS=0 */;
/*!40014 SET @OLD_FOREIGN_KEY_CHECKS=@@FOREIGN_KEY_CHECKS, FOREIGN_KEY_CHECKS=0 */;
/*!40101 SET @OLD_SQL_MODE=@@SQL_MODE, SQL_MODE='NO_AUTO_VALUE_ON_ZERO' */;
/*!40111 SET @OLD_SQL_NOTES=@@SQL_NOTES, SQL_NOTES=0 */;

--
-- Table structure for table `books`
--

DROP TABLE IF EXISTS `books`;
/*!40101 SET @saved_cs_client     = @@character_set_client */;
/*!40101 SET character_set_client = utf8 */;
CREATE TABLE `books` (
  `num` mediumint(8) unsigned NOT NULL AUTO_INCREMENT,
  `title` varchar(255) NOT NULL,
  `intro` text,
  `series` tinyint(1) NOT NULL DEFAULT '0',
  `public` tinyint(1) NOT NULL DEFAULT '0',
  `complete` tinyint(1) NOT NULL DEFAULT '0',
  `pub_date` datetime NOT NULL DEFAULT '0000-00-00 00:00:00',
  `mod_date` datetime NOT NULL DEFAULT '0000-00-00 00:00:00' ON UPDATE CURRENT_TIMESTAMP,
  `update_date` datetime NOT NULL DEFAULT '0000-00-00 00:00:00',
  PRIMARY KEY (`num`)
) ENGINE=InnoDB AUTO_INCREMENT=3 DEFAULT CHARSET=utf8;
/*!40101 SET character_set_client = @saved_cs_client */;

--
-- Dumping data for table `books`
--

LOCK TABLES `books` WRITE;
/*!40000 ALTER TABLE `books` DISABLE KEYS */;
INSERT INTO `books` VALUES (1,'순진한 아내 야한 아내','',1,1,0,'2015-09-21 14:43:06','2015-10-07 00:56:01','2015-10-07 00:56:01'),(2,'우연히 시작한 스와핑','',1,1,1,'2015-09-24 16:43:07','2015-10-12 09:15:45','2015-10-12 09:15:45');
/*!40000 ALTER TABLE `books` ENABLE KEYS */;
UNLOCK TABLES;

--
-- Table structure for table `keyword_links`
--

DROP TABLE IF EXISTS `keyword_links`;
/*!40101 SET @saved_cs_client     = @@character_set_client */;
/*!40101 SET character_set_client = utf8 */;
CREATE TABLE `keyword_links` (
  `book_num` mediumint(8) unsigned DEFAULT NULL,
  `keyword_num` mediumint(8) unsigned DEFAULT NULL,
  KEY `book_num` (`book_num`),
  KEY `keyword_num` (`keyword_num`),
  CONSTRAINT `keyword_links_ibfk_1` FOREIGN KEY (`book_num`) REFERENCES `books` (`num`) ON DELETE CASCADE,
  CONSTRAINT `keyword_links_ibfk_2` FOREIGN KEY (`keyword_num`) REFERENCES `keywords` (`num`) ON DELETE CASCADE
) ENGINE=InnoDB DEFAULT CHARSET=utf8;
/*!40101 SET character_set_client = @saved_cs_client */;

--
-- Dumping data for table `keyword_links`
--

LOCK TABLES `keyword_links` WRITE;
/*!40000 ALTER TABLE `keyword_links` DISABLE KEYS */;
INSERT INTO `keyword_links` VALUES (1,1),(1,2),(1,3),(2,5),(2,2),(2,1),(2,9);
/*!40000 ALTER TABLE `keyword_links` ENABLE KEYS */;
UNLOCK TABLES;

--
-- Table structure for table `keywords`
--

DROP TABLE IF EXISTS `keywords`;
/*!40101 SET @saved_cs_client     = @@character_set_client */;
/*!40101 SET character_set_client = utf8 */;
CREATE TABLE `keywords` (
  `num` mediumint(8) unsigned NOT NULL AUTO_INCREMENT,
  `keyword` varchar(255) NOT NULL,
  PRIMARY KEY (`num`),
  UNIQUE KEY `keyword` (`keyword`)
) ENGINE=InnoDB AUTO_INCREMENT=10 DEFAULT CHARSET=utf8;
/*!40101 SET character_set_client = @saved_cs_client */;

--
-- Dumping data for table `keywords`
--

LOCK TABLES `keywords` WRITE;
/*!40000 ALTER TABLE `keywords` DISABLE KEYS */;
INSERT INTO `keywords` VALUES (1,'경험담'),(9,'레즈비언'),(5,'스와핑'),(3,'아내'),(2,'유부녀');
/*!40000 ALTER TABLE `keywords` ENABLE KEYS */;
UNLOCK TABLES;

--
-- Table structure for table `likes`
--

DROP TABLE IF EXISTS `likes`;
/*!40101 SET @saved_cs_client     = @@character_set_client */;
/*!40101 SET character_set_client = utf8 */;
CREATE TABLE `likes` (
  `story_num` mediumint(8) unsigned NOT NULL DEFAULT '0',
  `ip` int(10) unsigned NOT NULL,
  PRIMARY KEY (`story_num`)
) ENGINE=InnoDB DEFAULT CHARSET=utf8;
/*!40101 SET character_set_client = @saved_cs_client */;

--
-- Dumping data for table `likes`
--

LOCK TABLES `likes` WRITE;
/*!40000 ALTER TABLE `likes` DISABLE KEYS */;
/*!40000 ALTER TABLE `likes` ENABLE KEYS */;
UNLOCK TABLES;

--
-- Table structure for table `stories`
--

DROP TABLE IF EXISTS `stories`;
/*!40101 SET @saved_cs_client     = @@character_set_client */;
/*!40101 SET character_set_client = utf8 */;
CREATE TABLE `stories` (
  `num` mediumint(8) unsigned NOT NULL AUTO_INCREMENT,
  `book_num` mediumint(8) unsigned NOT NULL,
  `queue_num` smallint(5) unsigned NOT NULL DEFAULT '0',
  `title` varchar(255) NOT NULL,
  `public` tinyint(1) NOT NULL DEFAULT '0',
  `view_count` mediumint(8) unsigned DEFAULT '0',
  `like_count` mediumint(8) unsigned DEFAULT '0',
  `pub_date` datetime NOT NULL DEFAULT '0000-00-00 00:00:00',
  `mod_date` datetime NOT NULL DEFAULT '0000-00-00 00:00:00' ON UPDATE CURRENT_TIMESTAMP,
  PRIMARY KEY (`num`),
  KEY `book_num` (`book_num`),
  CONSTRAINT `stories_ibfk_1` FOREIGN KEY (`book_num`) REFERENCES `books` (`num`)
) ENGINE=InnoDB AUTO_INCREMENT=15 DEFAULT CHARSET=utf8;
/*!40101 SET character_set_client = @saved_cs_client */;

--
-- Dumping data for table `stories`
--

LOCK TABLES `stories` WRITE;
/*!40000 ALTER TABLE `stories` DISABLE KEYS */;
INSERT INTO `stories` VALUES (1,1,1,'순진한 아내 야한 아내 - 1부',1,4,0,'2015-09-21 14:49:29','2015-10-14 03:47:47'),(2,1,2,'순진한 아내 야한 아내 - 2부',1,0,0,'2015-09-21 19:26:02','2015-10-06 22:11:41'),(3,1,3,'순진한 아내 야한 아내 - 3부',1,0,0,'2015-09-22 19:00:29','2015-10-06 23:26:14'),(4,1,4,'순진한 아내 야한 아내 - 4부',1,0,0,'2015-09-24 16:27:45','2015-10-06 23:45:33'),(5,2,1,'우연히 시작한 스와핑 - 1부',1,2,0,'2015-09-24 17:09:32','2015-10-14 03:46:27'),(6,2,2,'우연히 시작한 스와핑 - 2부',1,1,0,'2015-09-24 17:56:44','2015-10-12 08:19:59'),(7,1,5,'순진한 아내 야한 아내 - 5부',1,0,0,'2015-09-24 19:58:33','2015-10-06 23:56:46'),(8,1,6,'순진한 아내 야한 아내 - 6부',1,0,0,'2015-10-07 00:34:58','2015-10-07 00:34:58'),(9,1,7,'순진한 아내 야한 아내 - 7부',1,1,0,'2015-10-07 00:56:01','2015-10-12 08:19:41'),(10,2,3,'우연히 시작한 스와핑 - 3부',1,1,0,'2015-10-07 02:07:14','2015-10-12 03:01:57'),(11,2,4,'우연히 시작한 스와핑 - 4부',1,3,0,'2015-10-07 04:06:47','2015-10-13 02:55:54'),(12,2,5,'우연히 시작한 스와핑 - 5부',1,0,0,'2015-10-07 05:36:25','2015-10-07 05:36:25'),(13,2,6,'우연히 시작한 스와핑 - 6부',1,9,0,'2015-10-07 05:36:47','2015-10-12 08:20:09'),(14,2,7,'우연히 시작한 스와핑 - 7부',1,7,0,'2015-10-12 09:15:45','2015-10-14 03:36:55');
/*!40000 ALTER TABLE `stories` ENABLE KEYS */;
UNLOCK TABLES;

--
-- Table structure for table `story_data`
--

DROP TABLE IF EXISTS `story_data`;
/*!40101 SET @saved_cs_client     = @@character_set_client */;
/*!40101 SET character_set_client = utf8 */;
CREATE TABLE `story_data` (
  `num` mediumint(8) unsigned NOT NULL,
  `story` mediumtext,
  KEY `num` (`num`),
  CONSTRAINT `story_data_ibfk_1` FOREIGN KEY (`num`) REFERENCES `stories` (`num`) ON DELETE CASCADE
) ENGINE=InnoDB DEFAULT CHARSET=utf8;
/*!40101 SET character_set_client = @saved_cs_client */;

--
-- Dumping data for table `story_data`
--

LOCK TABLES `story_data` WRITE;
/*!40000 ALTER TABLE `story_data` DISABLE KEYS */;
INSERT INTO `story_data` VALUES (1,'내 와이프는 신촌 E 여대를 졸업하자마자 나랑 결혼을 했다.\r\n\r\n꽤 지적으로 생긴 외모에 무지하게 순진했다. 물론 처녀를 내게 바쳤고...\r\n\r\n168센치 키에 빵빵한 가슴, 큰 눈, 긴 다리...\r\n\r\n누구나 한 번쯤은 먹어보고 싶게 생겼다. 처녀 시절 무지 순진했던 그녀를 내가 아주 많이 바꾸어 놓았고 지금은 외모와는 전혀 다른 색녀가 되어 있다.\r\n\r\n우리 부부는 항상 섹스를 하며 대화를 한다. 숨을 헐떡이며 아내가 하는 말을 들으면 난 금방이라도 싸고 싶지만 나 또한 아내를 자극하는 말을 계속 이어간다.\r\n\r\n결혼하고 얼마 지난 후 일이었다.\r\n\r\n저녁을 먹고 TV를 보며 난 아내의 가슴을 주무르기 시작했다. 아내의 젖꼭지가 점점 딱딱해지기 시작하더니,\r\n\r\n\"오빠 아까 낮에 오빠 방에서 나 비디오테이프 찾았다.\"\r\n\"뭐? 무슨?\"\r\n\"오빠 너무해... 그거 우리 결혼 전에 오빠 집에서 섹스하던 거던데... 녹화하는 거 아니라더니 언제...\"\r\n\"하하하. 순진하기는... 그 말을 믿었냐? 그때는 네가 질색을 하니까 그냥 TV에 연결만 한 거라고 했지. 녹화 다 했지.\"\r\n\"너무 해. 그거 녹화해서 뭐했어?\"\r\n\"음... 너 못 만날 때 혼자 보면서 자위했지. 너 그때 무지 순진했었지. 그래서 그게 포르노보다 더 재밌었지.\"\r\n\"설마... 누구 보여준 건... 아니지?\"\r\n\"음... 몰라. 비밀... 보여줬으면? 싫어?\"\r\n\"당연하지. 창피하게... 그런걸...\"\r\n\"근데, 너 낮에 그거 찾아서 다 봤어? 보면서 뭐했어?\"\r\n\"음... 그냥 봤어. 좀 이상한 기분도...\"\r\n\r\n난 아내의 가슴을 빨기 시작했고 한 손으로 치마를 걷어 올리고 아내의 보지를 만지기 시작했다.\r\n\r\n아내의 보지가 서서히 젖기 시작했고 난 아내의 팬티를 벗겼다. 아내는 가느다란 신음을 내기 시작했다. 난 아내의 보지를 손가락으로 유린하기 시작했다.\r\n\r\n\"자기야... 말해봐, 사실대로... 아까 그 비디오 보면서 뭐했는지...\"\r\n\"허, 헉... 음... 안했..어... 아, 아무것도...\"\r\n\"말해봐. 괜찮아... 나도 그거 보면서 혼자 많이 했어. 야했지? 너 혼자 했어?\"\r\n\"아, 아, 안...아..니... 그냥...\"\r\n\r\n난 손을 더욱 거칠고 빠르게 움직였다.\r\n\r\n\"말해..사실을...\"\r\n\"아..아... 좋아... 아..음... 응... 했..어.\"\r\n\"뭘? 뭘 했어? ...응?\"\r\n\"아... 오..빠. 나... 혼자... 아..좋아. 자..위...\"\r\n\"그래? 했어? 자위? 어땠어? 말해봐, 어떻게 했는지...\"\r\n\"아..아... 그거... 보..면서... 그때 생각..하면..서... 아..오빠... 해..줘. 지금...\"\r\n\"안돼. 지금 계속 말해.\"\r\n\"아, 아... 오빠... 나..미쳐..아...\"\r\n\r\n아내의 보짓물이 내 손가락을 타고 질질 흐르기 시작했다. 아내는 숨을 헐떡이며 말을 이어가기 시작했다.\r\n\r\n\"아, 아... 나..보면서... 아..오빠..오빠... 내 거... 만지면서...\"\r\n\"네 거 어디? 어디 만졌는데?\"\r\n\"아, 가슴... 아..젖꼭..지...\"\r\n\"그리고 또?\"\r\n\"아... 헉, 헉... 가슴..만지고... 팬티에.. 손 넣고... 거기..도...\"\r\n\"뭐...? 어디?\"\r\n\r\n난 손가락을 빼고 딱딱해질대로 딱딱해진 내 자지를 아내의 보지에 집어 넣었다.\r\n\r\n\"아~~~~ 오..빠... 너..무.. 커...아..좋아...\"\r\n\"그래서 또 어디 만졌어?\"\r\n\"아, 흑..흑... 보..지... 거기... 아, 좋아... 좋아.\"\r\n\r\n아내의 처녀 시절 나의 집요한 요청으로 아내가 내 앞에서 자위하는 걸 보여준 적은 있지만... 오늘 자신이 혼자 했다는 걸 생각하니 엄청 흥분이 되었다.\r\n\r\n\"좋았어? 소리도 내면서 했어?\"\r\n\"응... 헉..헉. 계속... 아..좋았어. 너..무... 지..금... 좋아... 소리도... 신음..소리..냈어...\"\r\n\"잘 했어... 하고 싶으면 해야지. 나중에는 비디오로 셀프 찍어서 나 보여줘.\"\r\n\"헉..헉... 계속해줘... 나, 지금.. 너무 좋아. 알았어... 그래... 줄게...\"\r\n\"돌아서. 뒤로 해줄게.\"\r\n\r\n아내는 뒤로 돌아 소파를 잡았다. 난 아내를 뒤에서 쑤시기 시작했다.\r\n\r\n\"아~ 오빠... 나 ... 죽을..거 같아... 아...\"\r\n\"그래 죽어봐... 좀더..아.\"\r\n\"헉..헉.. 너..무.. 좋..아...나...나. 아, 오..빠...\"\r\n\r\n난 아내의 신음소리를 들으며 아내의 등에 좆물을 싸기 시작했다.'),(2,'학교에 갔다 오니 - 우린 유학생 부부다 - 아내가 이메일을 보고 있었다.\r\n\r\n친구 시연이가 사진을 보냈단다.\r\n\r\n나도 잘 아는 친구다. 우리 연애 시절 종종 같이 만나곤 했다. 아내만큼이나 참하게 생기고 예쁜 얼굴을 가졌다. 당연히 먹어보고 싶었지만, 그때는 기회가 없었다.\r\n\r\n난 시연의 사진을 보며 아내의 옷에 손을 넣고 가슴을 만졌다.\r\n\r\n\"왜 그래, 오빠?\"\r\n아내는 점점 커지기 시작하는 내 자지를 보며 물었다.\r\n\r\n\"뭐?\"\r\n\"왜 여기가 커지냐구? 내 가슴 만져서 그래, 아니면?\"\r\n\"후후... 뭐? 시연이 얼굴 보고 커졌냐구?\"\r\n\"혹시 그런 거야? 하긴 시연이는 내가 봐도 이쁘니까...”\r\n\"뭐, 시연이 보니까 좀 꼴리긴 하네...\"\r\n\"너무해. 그런거구나...\"\r\n\"왜 싫어? 네 친구보고 내 거기 커지니까?\"\r\n\"아니야. 이해는 돼... 사진인데 뭐...\"\r\n\"그래?\"\r\n\r\n난 아내의 웃옷을 벗기고 본격적으로 가슴을 애무했다. 그리곤 의자에 앉았다.\r\n\r\n\"빨아 줘. 난 시연이 보고 있을게.\"\r\n\r\n아내는 한번 찌려 보더니 내 바지를 벗기고 내 자지를 물었다. 난 시연이 사진의 시연이 얼굴, 가슴 그리고 보지를 보며 즐기기 시작했다.\r\n\r\n\"후루룩, 후루룩... 오..빠... 시연이 보고 있고 내가 오빠 자지 빠니까... 이..상..해.\"\r\n\"뭐가 이상해? 기분이..? 아...시연이랑 같이 놀 때 재밌었는데...\"\r\n\"그랬어? 오빠, 시연이가 섹스하자고 하면 할 거야?\"\r\n\"음... 당연히 하겠지. 꼬셔서라도 하고 싶구만...\"\r\n\"오..빠...\"\r\n\r\n아내는 무슨 생각을 하는지 더욱 속도를 내서 내 자지를 빨고 핧고 했다. 난 시연이를 생각하고...\r\n\r\n\"자기야... 지금..너무 좋아... 나 지금 시연이 생각해.\"\r\n\"무슨 생각? 시연이랑 하는 거? 시연이가 빨아주는 거 같아?\"\r\n\"응... 지금 시연이가 내 자지 빨고 있어. 아... 시연아...\"\r\n\r\n아내는 더욱 흥분이 되는지 자기 팬티에 손을 넣어 자기 보지를 만지기 시작했다.\r\n\r\n\"나 지금부터 널 시연이라고 부른다. ...좋지?\"\r\n\"으, 응... 그..래... 날 시연이라고 불러...\"\r\n\"시연아... 더, 더 빨아봐. 네 보지도 만지고...\"\r\n\"아..오빠... 시연이 지..금... 오빠 거 빨고 있어요...\"\r\n\"오~~ 좋아! 그렇게...\"\r\n\r\n난 아내 입에서 자지를 빼고 아내 팬티를 벗겼다.\r\n\r\n그리고는 내 자지로 아내의 보지 입구를 문지르기 시작했다. 아내의 보지는 벌써 흠뻑 젖어있었고 아내는 입을 벌리고 신음을 내뱉기 시작했다.\r\n\r\n\"오..빠... 좋아. 시..연..이 좋..아... 아~ 이상해...\"\r\n\"시연이, 오빠한테 먹히고 싶었어?\"\r\n\"네, 오..빠... 아, 넣어줘요.\"\r\n\"아직은 안돼지. 너 보지가 더 젖으면...\"\r\n\"아, 아... 좋..아...\"\r\n\r\n그때였다. 전화벨이 울렸다. 우리는 받지 않았고 자동응답기가 돌아갔다.\r\n\r\n\"응 나 시연인데..집에 없니?\"\r\n\r\n시연이었다. 난 얼른 전화기를 가져다가 아내에게 주었다. 아내는 좀 황당한 표정으로 전화를 받았다.\r\n\r\n\"응. 나야. 시연이니?\"\r\n\"집에 있구나... 술을 좀 먹었더니 잠이 안 와서... 뭐해?\" (한국은 밤이었고 여기는 점심때였다)\r\n\"응, 그냥... 낮잠 자려고 했어.\"\r\n\r\n난 아내의 전화기를 스피커폰으로 바꿨다.\r\n\r\n\"그랬구나... 난 그냥 애들이랑 오랜만에 술 마시고...\"\r\n\r\n난 시연이 목소리를 들으니 더욱 흥분이 되었다. 난 아내의 보지에 얼굴을 박고 아내의 보지를 빨기 시작했다.\r\n\r\n\"허..억...\"\r\n\"왜 그래? 무슨 일 있어?\"\r\n\"아, 아..니... 그냥...\"\r\n아내는 당황해했고 난 혀로 집요하게 그녀의 보지를 애무했다.\r\n\r\n\"아~~으~~\"\r\n아내는 참지 못하고 신음소리를 내고 말았다.\r\n\r\n\"왜 그래..? 너 뭐해?\"\r\n\"아... 미안..시연아... 아~~\"\r\n\"너 혹시 지금 오빠랑?\"\r\n\"아~~ 어. 미안... 오..빠가 지..금... 날...\"\r\n\"어... 그..래... 미안해, 방해..해서... 끊을게...\"\r\n\r\n난 즉시 아내에게 끊지 못하게 하라고 손짓을 했다.\r\n\r\n\"아..니..야... 시연아. 오빠 나갔어...\"\r\n\r\n난 아내의 보지에 입을 떼었다.\r\n\r\n\"그래? 넌 좋겠다, 오빠 있어서... 난.. 남자친구도 없고...\"\r\n\"미안, 시연아... 너도 빨리 남자 사귀어야지. 너 같은 애가 왜 남자가 없을까?\"\r\n\"응. 나도 그러고 싶어... 사실 오늘 술 마셔서 그런지 나도 남자랑 하고 싶다.\"\r\n\r\n난 그 말을 듣고 아내의 보지에 손가락을 집어넣었다.\r\n\r\n\"어, 엉... 헉!\"\r\n\"왜? 너 또? 오빠 왔니?\"\r\n\"어..미안... 그래도 끊지마...\"\r\n\"......\"\r\n\r\n시연이는 아무 말이 없었다. 난 세 번째 손가락으로 아내의 젖은 보지를 빠르게 쑤시기 시작했다.\r\n\r\n\"엉... 어..어... 하... 아~~~\"\r\n아내는 참지 못하고 뜨거운 신음소리를 내기 시작했다. 난 두 손가락을 집어넣고 빙빙 돌렸고, \r\n\r\n\"아, 아... 오..빠... 아... 시..연..이...\"\r\n\"......\"\r\n시연이는 무슨 생각인지 전화를 듣고만 있었다.\r\n\r\n\"오..빠... 아..좋아...\"\r\n\"계속... 아... 좋..아... 미안..해... 시연..아.\"\r\n\"...아니야...\"\r\n시연이도 끊고 싶지 않은 것 같았다.\r\n\r\n난 내 손가락으로 타고 흐르는 아내의 보짓물을 느끼며 아내를 보았다. 반쯤 풀린 눈동자에 입을 벌리고 신음하는 아내... 무척 흥분되었다. 친구가 듣고 있다는 게 더 흥분이 되는 것 같았다.\r\n\r\n\"왜? 좋아? 얼마나 좋아?\"\r\n난 아내에게 물었고 스피커폰으로 내 목소리를 들은 시연이가\r\n\"어? 이..거... 스피커..폰..?\"\r\n\"시연아, 난데. 끊지 말고..들어봐... 너도 보고 싶다...\"\r\n\"......\"\r\n\r\n시연이는 좀 놀란듯했지만 끊지는 않았다. 난 아내의 보지를 손가락으로 계속 유린했다.\r\n\r\n\"아~ 아~~ 오.. 빠...아!!! 나... 미..쳐..어...\"\r\n\"좋지? 더..더 흥분해..더... 시연아가 듣고 있어.\"\r\n\"아... 오..아... 시..연..아...\"\r\n\r\n아내가 흥분된 소리를 내고 있는 동안 전화기에서도 희미한 소리가 나오기 시작했다.\r\n\r\n\"으... 우..음...\"\r\n\r\n그렇다. 시연이도 흥분하기 시작한 것이었다. 난 이때를 놓치지 않고 말을 이었다.\r\n\r\n\"시연아, 나, 너 보고 싶었어... 오래 못 봤네. 놀러 와.\"\r\n\"으..으..음...\"\r\n\"시연아, 너한테 우리 섹스하는 거 보여주고 싶다. 너니까... 지금은 소리라도 들어.\"\r\n\r\n아내는 이미 이성을 잃고 신음소리를 내고 있고 전화기에 시연이도\r\n\"아~~ 오..빠... 이상해..요.\"\r\n\"시연아,너도 우리 소리 들으며 해봐... 너 자위해봤지?\"\r\n\"아..니요. 저 그런..거 안해요...\"\r\n\r\n아내가 자기 가슴을 주무르며 말했다.\r\n\"허..헉... 시..연아... 너..하잖아, 자..위...\"\r\n\"어우..너... 오빠..앞..에서...\"\r\n\"괜..찮아. 우..리 오빠는... 니..가 나, 자위 가..르쳐줬..잖아...\"\r\n\"......\"\r\n\r\n시연은 아무 말이 없다.\r\n\"그래, 시연아. 포르노 본다고 생각하고 우리랑 같이 해. 비밀 지킬게...\"\r\n\"으...\"\r\n\r\n난 불끈 선 자지를 아내의 보지에 넣었다.\r\n\"아~~ 오..빠...\"\r\n\"시..연아... 오..빠가 내 거..에 지..금 넣었어...\"\r\n\"아~~후...\"\r\n시연이도 우리 상황을 상상하는 거 같았다.\r\n\r\n\"시연아, 너도 해... 내가 널 만지고 있어...\"\r\n\"아~~~ 아..으... 이..러..하..좋..아...\"\r\n\"시연아, 너 하는 거지?. ..그지?\"\r\n\"아!! 오..빠... 계..속... 들려..줘...\"\r\n\"좋아... 내가 시연이 가슴을 빨고... 미희(아내) 보지에 내 자지를 박고 있어...\"\r\n\"아... 아..아...\"\r\n\r\n아내도 그 소리를 들으며 더 흥분하기 시작했다.\r\n\"아~~ 오빠... 안..돼... 시연..이랑 하..면...\"\r\n\"난 할 거야..시연이랑... 시연이 보지에 박을 거야...\"\r\n\"아... 오..빠... 시연..이도 미..희도 다 같이... 아~~ 아~~ 이상해. 좋아..아~~\"\r\n\r\n아내는 완전히 갔다. 전화기에서도 시연이의 신음소리가 점점 커져갔다. 난 아내의 보지를 더욱 세게 박아댔다.\r\n\r\n\"아... 시연... 나, 너랑 박고 있어. 아...좋아.\"\r\n난 시연이를 더욱 흥분시키려 하고\r\n\"오..빠... 나..도 오빠 생..각... 아!! 미희..야... 나, 난...\"\r\n\"시..연아... 좋..아? 너..도 좋..아?\"\r\n\"어, 어... 아, 미..안... 미..희야...\"\r\n\"아..니야... 계속... 아~~ 나..쌀 거 같..아... 아~~~~~\"\r\n\r\n아내는 비명을 지르며 보지에서 뜨거운 애액을 쏟아냈고\r\n\"나... 나..도... 아~~~~~\"\r\n시연이도 소리를 질렀다.\r\n\r\n\"시연아, 싸줄까..?\"\r\n\"네... 오, 오빠... 아... 제..발...\"\r\n\"어디..? 보지? 얼굴? 입?\"\r\n\"아~~ 거..기...\"\r\n\"어디? 말해...\"\r\n\"거..기... 아~~~~~ 보......지...\"\r\n\"그래... 나 네 보지에 싼다!\"\r\n\r\n난 아내의 보지에 좆물을 싸며 시연이를 생각했다.\r\n\"아아~~~~~! 오..빠... 뚝...\"\r\n\r\n시연이는 비명을 지르며 전화를 끊었고 아내는 숨을 거칠게 쉬고 있었다.'),(3,'미국으로 우리 부부가 온 지도 6개월이 지났다.\r\n\r\n비록 많은 한국 유학생이 있는 곳이었지만, 우리는 종교 생활을 안 하기 때문에 친구들이 별로 많지 않았다.\r\n\r\n좀 심심해진 우리 부부는 한국 교회에 가보기로 했다. 역시 좀 우리와는 맞지 않았다. 그러나 그곳에서 우리 아파트 단지에 사는 한국 유학생 부부를 만났다. 남자는 나보다 두 살, 여자는 나보다 세 살 어렸다.\r\n\r\n기호(가명)의 아내는 미인이었고 성격도 좋았다. 왠지 모를 색기(?)도 흘렀다. 지인(기호 부인)과 아내는 대학 선후배였고 서로 공감대도 많았다. 우리는 금세 친해졌고 아주 자주 만났다. 형 동생 하면서...\r\n\r\n어느 토요일 오후. 우리는 기호 집에서 같이 저녁을 먹고 TV를 보았다.\r\n\r\n지인은 좀 짧고 헐렁한 듯한 홈웨어를 입고 있었고, 아내 역시 그런 종류의 옷을 입고 있었다.\r\n\r\nTV가 좀 지루해지자 기호가 술이나 한잔 하자고 했다. 우리는 맥주를 마시기 시작했고 즐겁게 대화를 나누었다.\r\n\r\n지인이 좀 떨어져 있는 안주를 집으러 몸을 숙이는 순간, 앞에 앉았던 나는 그녀의 옷 속을 볼 수 있었다. 하얀색 브래지어 위로 보이는 지인의 속살은 희고 가슴은 탐스러웠다. 순간 내 자지가 커짐을 느꼈다. 난 그녀를 먹고 싶었다.\r\n\r\n“자, 그냥 이러지 말고 게임하자\"\r\n난 게임을 제안했고 모두들 찬성했다.\r\n\r\n\"근데 무슨 게임이요?\"\r\n지인이 눈을 반짝이며 물었다.\r\n\r\n“음, 왕게임 알아요? 재밌는데... 벌칙은 폭탄주 어때?\"\r\n\r\n난 총각 시절 내가 여자들과 즐길 때 주로 하던 왕 게임을 제안했다. 아내는 이미 왕 게임을 경험해 봤고...\r\n\r\n“아, 알아요. 왕 쪽지 가진 사람이 시키는 거 다하는 거?\"\r\n기호도 지인도 한 술 한다더니 역시 이 게임을 알고 있었다.\r\n\r\n\"그래. 어때?\"\r\n\"좋아. 오늘 즐겁게 마시자.\"\r\n\r\n모두 술을 좀 마시더니 기분이 좀 들떠있는 것 같았다. 아내는 좀 주저하더니 이내 찬성했다.\r\n\r\n우리는 폭탄주 한 잔씩을 마시고 왕 게임을 시작했다. 역시 예상대로 처음은 순진 버전으로 진행됐다. 팔굽혀펴기, 술 두 잔 마시기, 엉덩이로 이름쓰기...\r\n\r\n“자, 이러지 말고 좀 더 재밌게 놀자. 우리 다 부부고 형 동생인데...”\r\n\"그래, 그래. 좋아요. 좀 야하게... 크크크.”\r\n나의 제안에 기호가 맞장구를 쳤다.\r\n\r\n내가 왕이다.\r\n“자, 1번 3번 윗옷 하나 벗으시고...”\r\n\r\n아내가 1번, 기호가 3번.\r\n\r\n아내는 곤란한 표정을 짓고, 기호는 신난 듯 웃옷을 벗었다. 여름이라 기호는 티셔츠 하나만 입고 있었다. 몸이 영 아니었다.\r\n\r\n\"난 원피스라서...\"\r\n아내는 곤란해하며 폭탄주를 먹었다. 기호는 좀 실망한 듯... 게임은 계속됐다.\r\n\r\n이번에는 기호가 왕!\r\n\r\n\"좋아! 복수다. 2번 3번 웃옷 벗기.\"\r\n아내 2번, 지인이 3번. 앗싸!\r\n\r\n\"뭐냐. 여자 둘이네. 그래, 좋아. 남편이고 오빤데 뭐...\"\r\n지인이 원피스를 가슴 밑까지 내려 자신의 흰색 브래지어를 드러냈다.\r\n\r\n\"그..래... 그러자. 좀 더운데... 나중에 이 게임 언급 안 하기...\"\r\n아내는 마지 못해 지인을 따라 원피스를 내려 브래지어를 보였다.\r\n\r\n근데 아내의 브래지어는 얇은 천으로 되어있는 흰색. 아내의 젖꼭지가 선명하게 드러났다. 기호의 눈이 커졌다.\r\n\r\n\"미희, 너 가슴 이쁘다. 오빠는 좋겠네요. 호호.\"\r\n지인은 과는 달랐지만 아내의 선배였고 분위기상 한마디했다.\r\n\r\n\"그럼, 좋지. 훌륭한 가슴이지.. 지인이도 대단한데...\"\r\n지인이 가슴도 아내 못지않게 탐스러웠다.\r\n\r\n\"뭐야, 오빠도...\"\r\n지인도 내 말이 싫지는 않은 거 같았다.\r\n\r\n또다시 게임.\r\n\r\n여러 번의 게임으로 우리는 꽤 많은 술을 먹었고 나와 기호는 팬티 차림, 여자 둘은 브래지어와 팬티 차림이 되었다.\r\n\r\n아내는 팬티가 망사여서 아무리 가리려 해도 거뭇거뭇한 털이 보였고, 지인은 검은색 끈 팬티였다. 우리는 모두 흥분해 있었고 즐기고 있었다.\r\n\r\n내가 왕이다.\r\n\"하하, 내가 왕이네. 누굴 벗길까? ...아니다. 이번에는 1번, 2번 서로 5분간 가슴 애무해주기.\"\r\n\r\n1번 아내, 2번 기호... 기호는 당황해하며 술을 마시겠다고 하면서도 지인을 쳐다봤고, 아내 역시 날 원망하는 눈으로 바라봤다.\r\n\r\n\"어, 이거 좀 그러네... 근데 뭐 어때. 오늘 일은 다시 말 안 하기... 해봐.\"\r\n\"그..래, 기호 오빠. 해봐. 형수님인데... 게임이잖아. 난 괜찮아.\"\r\n지인이 상당히 호기심이 생긴 거 같았다.\r\n\r\n\"어, 어... 형수님, 괜찮아요?\"\r\n아내는 얼굴이 발개져서 아무 말이 없었다.\r\n\"그래, 게임인데...기호야, 시작해..\"\r\n\r\n기호는 좀 눈치를 보더니 천천히 아내의 가슴을 만지기 시작했다. 아내도 고개를 숙이고 기호의 가슴에 손을 대었다.\r\n\r\n모두 숨을 죽이고 그 광경을 보았다. 난 자지가 불끈 섬을 느꼈고 기호의 팬티도 부풀어 올랐다.\r\n\r\n기호는 아내의 브래지어 위로 아내 가슴을 만지더니 브래지어 속으로 손을 넣어 가슴을 주물렀다. 난 상당히 흥분됐다.\r\n\r\n지인을 스스로 술을 한 잔 마셨지만 눈을 떼지 못했다.\r\n\r\n아내는 입술을 깨물고 있었지만 그 모습은 흥분을 참고 있는 듯했다. 5분이었지만 꽤 길게 느껴졌고 모두 흥분된 모습이었다.\r\n\r\n\"자, 그만. 5분이다... 둘 다 잘했어.\"\r\n\"휴... 형, 두고 보자. 나도 복수해야지.\"\r\n기호는 약간 아쉬운 것 같았다. 아내는 그냥 빙긋 웃어서 분위기를 망치지 않았다.\r\n\r\n다음은 아내가 왕이다.\r\n\r\n\"분위기가 묘하지만 좋군요. 그럼, 2번 3번... 음, 서로 벗기고 싶은 옷 벗겨주기.\"\r\n\r\n역시 내가 그동안 아내를 많이 변화시켰다는 걸 느낄 수 있었다. 아내는 날 잘 아는 여자였다.\r\n\r\n음, 난 2번. 기호가 3번? 아님 지인?\r\n\r\n\"나 어떡해. 나 3번인데... 누가 2번이야? 우리 기호 오빠? 아님..제발...\"\r\n지인은 좀 오버하는 듯했지만 귀여웠다.\r\n\r\n\"지인아, 어떡하니. 나 3번인데...\"\r\n난 쾌재를 불렀다.\r\n\r\n\"오..빠... 정말 나 벗기려고? 술 마시면 안 돼? 나 2잔 먹을게, 나...\"\r\n\r\n그럴 수는 없었다. 아니, 지인의 수다는 벗겨 달라는 것 같았다.\r\n\r\n\"음, 그럴 수는 없지. 왜 그런지는 알지? 나도 너 벗기기 싫어. 아내도 있는데...\"\r\n\r\n아내를 쳐다보니 알 수 없는 호기심의 눈을 하며 웃고 있었다.\r\n\r\n\"그래. 다른 사람도 아니고 형이니까... 내가 허락한다.\"\r\n기호도 뭔가 더 화끈한 일이 있기를 바라는 것 같았다.\r\n\r\n\"좋아. 기호의 부탁도 있으니... 난 지인의 하나 남은 웃옷을...\"\r\n\"어우, 너무해. 안 되는데... 그럼 난 오빠 하나 남은 속옷 벗겨야돼? 어떡해...\"\r\n\"이그, 나도 좀 그렇지만 이건 게임이니 내 팬티 벗겨라.\"\r\n\r\n지인은 좀 망설이더니 등을 내게 보인다. 난 브래지어의 후크를 순식간에 풀렀고...\r\n\r\n지인이 내 팬티를 벗기기 위해 돌아보자 그녀의 탐스러운 가슴과 조그만 젖꼭지가 눈에 들어왔다.\r\n\r\n지인이 내 팬티를 벗기는 동안 난 그녀의 가슴을 음미했고, 지인이 팬티를 벗기자 내 커다란 자지가 고개를 들고 튀어나왔다.\r\n\r\n\"허억! 오..빠...\"\r\n지인은 내 커다란 자지를 보고 말을 잇지 못했다.\r\n\r\n아내도 내 자지를 보고 있고 기호는 묘한 웃음을 지으며,\r\n\"오, 형 대단해... 지인이 놀라네. 이래서 형수님이 형과 결혼을?\"\r\n기호는 웃으며 농담을 던졌다.\r\n\r\n\"자, 자, 놀랄 건 없고 하던 게임이나 하자. 시원하니 좋고 재밌네.\"\r\n난 얼른 자세를 고쳐 앉아서 술 한 모금을 마셨다.'),(4,'자세를 고쳐 앉았지만 내 자지는 고개를 빳빳이 들고 있었고, 기호의 자지 또한 팬티 속으로 고개를 들고 있었다. 지인은 내 자지를 안 보는 척했지만 흘끗흘끗 내 자지를 보고 있었고, 아내 역시 기호의 자지에 관심을 두고 있었다. 그래도 게임은 계속되었다.\r\n\r\n이번에는 기호가 왕이다.\r\n\r\n\"앗싸! 이렇게 된 거... 1번, 3번 옷 입은 거 다 벗기. 벗을 옷 없으면... 자기 거기 3분간 만지기.\"\r\n\r\n1번 지인, 3번 아내...\r\n\r\n지인은 자기 남편은 한번 째려보더니 남은 팬티 한 장을 내리기 시작한다. 이제 아무도 뭐라 불평도 없다. 아내는 좀 당황해하더니 브래지어를 풀렀다. 기호가 마른 침을 삼킨다.\r\n\r\n난 지인의 보지를 보았다. 털이 아주 무성했다. 당장이라도 눕혀놓고 보지를 빨고 싶었지만... 아내도 팬티를 내렸다. 아내가 다른 남자 앞에서 벌거벗고 있는 건 정말 자극적이었다.\r\n\r\n잠시 모두 침묵이 흘렀다. 기호만 팬티를 입고 모두가 벗고 있는 상황...\r\n\r\n\"자... 기호만 팬티 벗으면 우리는 모두 동등해지겠네.\"\r\n난 웃으며 분위기를 바꿨다.\r\n\r\n\"오빠도 그냥 벗어.\"\r\n지인이 기호에게 벗으라고 우긴다.\r\n\r\n\"아, 아니지. 이건 게임인데... 우리가 벗겨줘야지. 술 한 잔씩 하고...\"\r\n난 이건 게임이란 걸 강조했다.\r\n\r\n우리는 폭탄주를 한 잔씩 했다.\r\n\r\n다시 게임 시작... 이번에도 기호가 왕이다.\r\n\r\n\"음... 나 말고 아무도 벗을 게 없군. 1번, 2번 자기가 자기 아래 3분간 만지기.\"\r\n\"아! 오빠, 너무해. 안 돼, 그건...\"\r\n지인이 혀가 말려서 우긴다. 지인이 또 1번이었다.\r\n\r\n\"그래요, 기호씨. 이건...\"\r\n아내도 당황해하며 말을 한다. 아내가 2번이었다.\r\n\r\n이건 두 여자의 자위 아닌 자위를 볼 수 있는 기회였다.\r\n\r\n\"아니, 왕이 시키는데... 누가 안 하겠다고. 게임인데, 뭐...\"\r\n난 얼른 기호 편을 들어줬다.\r\n\r\n\"맞아, 난 왕인걸. 형수님, 이건 게임입니다.\"\r\n\r\n아내와 지인은 더이상 술은 먹지 못하겠다며 그럼 불빛이라도 줄여 달라고 했다. 기호는 빨리 메인 등을 끄고 조그만 오렌지 불로 바꿨다. 분위기가 더 묘해졌다.\r\n\r\n\"아이, 이거...\"\r\n\r\n은은한 불 아래서 지인의 손이 자기의 보지로 향했고 아내도 자기의 보지에 손을 얹었다. 두 여자의 손이 움직였고 기호와 내 자지는 터질 듯 커져갔다.\r\n\r\n난 지인의 얼굴을 보았다. 눈을 아래로 깔고 입술을 깨물고 있었다. 창피하지만 새로운 경험에 흥분해가고 있었다. 기호는 계속 아내의 보지를 쳐다보고 있었다.\r\n\r\n누가 시키지 않았지만 두 여자 모두 손의 움직임이 점점 빨라지기 시작했다. 정말 자위를 하는 거 같았다.\r\n\r\n\"아~~~~~~!\"\r\n결국 지인이 신음소리를 내고 말았다.\r\n\r\n\"으..음...아~~~~~~!\"\r\n아내도 결국 참지 못하고 신음소리를 냈다.\r\n\r\n\"아... 나 그만... 이제 더 못해요.\"\r\n아내가 손을 멈췄다.\r\n\r\n그런데 지인은 계속 손을 움직이고 더 손놀림이 빨라졌다. 이제 지인은 다리까지 벌리고 앉았다. 지인은 눈을 감고 입을 약간 벌리고 자기의 보지를 계속 자극하고 있었다. 기호도 그런 자기 아내를 쳐다보고 있었다. 아무도 말없이 지인을 쳐다보았다.\r\n\r\n\"아..아... 나, 나... 멈출... 수..가... 아... 이상..해...\"\r\n\"아~~ 허..아..허..오..빠..오..빠...\"\r\n\r\n지인의 자위는 계속되었다. 지인은 이제 정말 참을 수가 없는 것 같았다. 모두들 자리를 뜰 수도 없었다.\r\n\r\n\'기호야, 제수씨 해줘라.\'\r\n난 기호에게 속삭였다.\r\n\r\n기호는 아내와 나를 번갈아 쳐다보더니 이내 자기 아내의 가슴을 만지기 시작했다.\r\n\r\n\"아... 오빠... 아... 나..를...\"\r\n지인의 손은 멈추지 않았고 기호는 자기 아내의 가슴을 만지며 키스를 했다.\r\n\r\n난 아내를 봤다. 어느새 아내도 자기의 보지를 다시 만지고 있었다. 아내는 그 부부에게서 시선을 떼지 못했다. 처음 보는 광경이기에...\r\n\r\n\"허헉... 오빠, 나 해..줘... 나...\"\r\n\"그..래... 근데... 형 부부...\"\r\n\"아~ 아~~ 모...몰라. 그..냥..해..줘. 나..미쳐...\"\r\n기호는 결심한 듯 지인의 다리를 벌리고 자기의 자지를 넣었다.\r\n\"아..아... 허헉!\"\r\n\r\n난 아내의 가슴을 만지며 그 광경을 보고 있었고 아내도 내 자지를 만지며 넋을 잃고 보고 있었다.\r\n\r\n\"아~ 아~~ 허...헉.\"\r\n\"아~~ 오..빠, 좀..더..더...\"\r\n\"으......아...\"\r\n기호가 좀 움직이더니 이내 축 늘어졌다. 난 알았다. 상황은 끝났다는 걸.\r\n\r\n\"어... 오빠 뭐야...\"\r\n기호가 일어나더니 베란다로 간다.\r\n\r\n지인이 일어난다.\r\n\"미희야, 오빠 미안해요. 제가 못 볼 걸... 보여드려서...\"\r\n지인이 고개를 숙인다.\r\n\r\n우리 부부도 서로 만지기를 그만두었다.\r\n\"아니야, 뭘... 다 그런거지...\"\r\n\r\n난 베란다로 나갔다. 기호가 담배를 피우고 있었다.\r\n\"형, 미안해요... 아내가 갑자기... 나도 흥분됐고...\"\r\n\"아니야, 임마. 분위기 좋았어. 나도 내 와이프가 그랬으면 그랬을 걸, 뭐. 우리 사이에...\"\r\n\"사실 아내가 좀 그걸 좋아해요. 순진하게 생겼지만...\"\r\n\r\n난 기호와 좀 많은 얘기를 했고 기호가 지인을 만족시키지 못한다는 걸 알았다. 기호는 섹스에 대해 이론만 박사고 실제로는 약간 조루였다. 또 기호 부부는 섹스에 대해 잘 맞지 않는 상대였다.\r\n\r\n우리가 다시 들어오니 아내들은 옷을 다 입고 커피를 마시고 있었다.\r\n\r\n\"오빠 미안해요... 오늘 일 잊어줘요... 알았죠?\"\r\n지인은 좀 부끄러워하며 빙긋 웃는다. 나도 씩 웃었다.\r\n\r\n그런데 지인의 눈은 아직 내 자지쪽을 보고있다. 아! 난 지금 벌고 벗고 돌아다니고 있었다. 난 천천히 옷을 입기 시작했다. 좀 더 오래 지인에게 내 자지를 보려 주려고... 아내도 그걸 알고 있었지만 아무 말 없이 커피를 마시고 있었다.\r\n\r\n오늘 일은 우리들만의 비밀로 하고 아내와 집으로 향했다. 새벽 3시였다.'),(5,'안녕하세요. 얼마 전에 \"주부의 탈선은 남편 책임\"이라고 제목을 붙였다가 무지무지 야단맞은 슈 엄마예요. 겁이 나서 바로 고쳤지만... (아들 이름이 \'수\'자 돌림이라 친한 친구들은 그냥 슈 엄마라고 부르거든요.)\r\n\r\n전 경험이 없어서 단지 재미삼아 붙여보았던 제목이었는데... 오해 있으셨다면, 넓은 마음으로 이해 부탁해요~ 다들 고참들이신데... ^^\r\n\r\n하지만 여러분들께서 추천을 많이 눌러 주셔서 얼마나 기쁜지 몰라요.\r\n\r\n슈 아빠도 2달 전에 처음으로 글을 올리고 나서 퇴근하자마자 컴퓨터를 켜고 몇 분이 읽었다는 둥, 몇 분이 추천을 눌렀다고 좋아하는 모습을 보며 남자들은 정말 애들 같다고 생각을 했는데, 막상 저도 글을 올리고 나니 정말 궁금하더라고요. 사실은 추천 버튼을 제가 누른 적도 있어요 ^^\r\n\r\n솔직히 4번... 정말임 ㅋㅋㅋ\r\n\r\n첫 글인데 많은 분들이 읽어주시고 격려 메일도 많이 받았어요. 정말 감사해요.\r\n\r\n\r\n\r\n그리고 다음으로 제가 쓸 글은 남편과의 스와핑 경험입니다. 우연히 시작하게 되었는데, 지금은 3달에 한 번 정도 즐기고 있어요.\r\n\r\n소라의 야설에서 글을 읽다 보면 스와핑에 관하여 글이 많이 올라오는 것을 보고, 혹시 스와핑에 대하여 궁금해하시는 거 같아 실경험을 써볼까 합니다.\r\n\r\n그리고 스와핑을 하려는 분들은 꼭 생각하셔야 할 것이 있어요. 다들 성인이라 잘 알아서 하시겠지만... 그래도 걱정이 되는 부분이 많이 있어요.\r\n\r\n첫째, 각자의 성격을 스스로가 깊이 생각해보셔야 해요.\r\n\r\n스와핑 때문에 가정파탄이 생기는 경우도 많거든요. 단지 성적 쾌락만 생각하신다면 큰 후회를 하게 되실 거예요. 내 여자가 다른 남자에 몸을 준다고 생각해보세요. 절대 쉬운 일은 아니잖아요. 특히 우리나라 사람에게는 더더욱 힘들죠. 말이 길어지네요. 죄송해요.\r\n\r\n둘째, 스와핑을 하실 때는 절대 술은 금해야 합니다.\r\n\r\n맥주나 와인 정도는 상관없지만요. 대부분 소라의 야설을 보면 술이 취해서 스와핑을 즐기는데 사실 외국에서는 와인이나 맥주를 약간만 합니다. 이유는 설명하지 않을게요.\r\n\r\n셋째, 스와핑이 자기 부인이나 남편에게 성적으로 부족하여 채우는 자리는 아닙니다.\r\n\r\n아주 단순하게 생각하면, 같이 사는 사람이 아닌 다른 사람하고 섹스를 한다는 그것 자체가 흥분이거든요. 혹시 부부간에 섹스에 대하여 트러블이 있어서 스와핑을 하신다면 대화를 통하여 서로가 무엇을 필요로 하는지를 안다면 굳이 스와핑이 필요하지 않지요.\r\n\r\n그 외에도 여러 가지가 있지만 또 야단 들을까 봐 겁이 나네요.\r\n\r\n\r\n\r\n그럼 우리 부부 소개부터 시작할게요.\r\n\r\n우리 슈 아빠는 지금은 조그만 무역 회사를 해요. 전에는 제품 디자이너였구요. 나이는 40이고, 그리고 별로 잘생기지는 않았죠. 하지만 남들은 위안으로 선하게 생겼다고 하데요. 사실 마음씨는 무지무지 착해요.\r\n\r\n그리고 저는 학교 졸업하고 일본 항공회사에서 근무를 하다가 부장님 추천으로 J항공 스튜어디스로 3년 근무를 했어요. 항공사의 배려로 한국과 일본만 다녔죠.\r\n\r\n그리고 친구 소개로 신랑을 만나 3개월 만에 결혼을 했고요. 지금은 아이 둘의 엄마죠.\r\n\r\n그리고 다들 자신의 신체 사이즈를 밝히던데, 지금은 별로구요... ^^\r\n\r\n키는 168이고... 몸무게는 ^^;; 가슴은 작은 편인가? 남편 손에 달렸지요.\r\n\r\n성격은 장난이 아닐 정도로 화끈합니다. 하지만 글을 통하여 제 성격을 보이려니 나이 때문인지, 처음 글을 올려 그러는지 많이 무겁다는 생각이 드네요. 점점 나아지겠죠. 저도 답답하답니다... 참 나이는 38입니다. 백말... 히~히~힝\r\n\r\n그럼 시작할게요. 또 혼날라...\r\n\r\n\r\n\r\n그러니까... 7년 전쯤 되겠네요.\r\n\r\n전 다니던 항공사를 그만두고 살림을 했어요. 아이가 연년생이었거든요.\r\n\r\n하루는 남편이 퇴근을 하고 돌아와 다음 주에 일본에 출장을 간다고 했지요. 당시 디자인을 했기 때문에 외국에 출장을 자주 다녔어요. 갑자기 따라가고 싶은 생각에 남편한테 따라간다고 했지요. 남편은 아이들 걱정에 무작정 안 된다는 거예요.\r\n\r\n그날 밤 온갖 서비스로 남편을 설득하고 아이들은 친정엄마가 와서 봐주기로 했어요. 다행히 저는 잘하지는 못하지만 일본어는 그런대로 자신이 있었기에 통역을 빌미로 주위의 따가운 시선을 피할 수가 있었어요.\r\n\r\n나리따 공항에 내린 것은 정오 정도였지요. 우린 예약을 해놓은 호텔 버스를 타고 3시가 다 되어 도쿄 호텔에 도착을 했어요. 방에 들어가 짐을 풀고 간편한 복장으로 바꾸어 입은 뒤 남편이 일을 보는 곳이 아끼아바라였기에 택시를 타기 위해 호텔 입구에 서 있었지요.\r\n\r\n그런데 제가 옷을 좀 야하게 입어서인지 호텔에 오는 손님들의 시선을 받았어요. 처녀 때 입었던 원피스였는데, 좀 많이 짧거든요. 신랑은 제가 좀 야하게 옷을 입는 것을 좋아해요. 다른 남자가 저를 쳐다보면 기분이 좋데요. 좀 별나죠... 변태인가?\r\n\r\n\r\n잠시 후에 우린 택시를 타고 아끼아바라에서 내려 걸어 다니며 새로 나온 소형 전자 제품들을 구경했어요. 남편은 디자인이 좋은 제품들을 골라 사기도 하고 스케치도 하였어요. 다니다 배가 고프면 군것질도 했지요.\r\n\r\n그리고 저녁 7시가 다 되어서 우린 호텔에 돌아왔어요. 거리를 다니며 군것질을 많이 해서 그런지 배는 든든해서 잠시 쉬었다가 호텔 내에 있는 바에 가서 맥주나 한 잔씩 하기로 했죠.\r\n\r\n저는 땀을 많이 흘려 샤워를 하려고 속옷을 챙겨 욕실로 들어갔어요. 옷을 벗고 물줄기를 맞으며 샤워를 하고 있는데 남편이 옷을 다 벗고 들어오는 거에요. 자주 남편이랑 목욕을 하기 때문에 부끄러움은 없었지만, 그날은 좀 부끄러웠어요.\r\n\r\n\r\n잠시 남편 섹스 스타일을 써 볼게요. 좀 별나거든요.\r\n\r\n결혼하고 2년까지는 별로 몰랐는데, 2년이 좀 지나면서부터는 첫째 침대에서 하는 것을 싫어하고요. 주로 거실 소파나 식탁 의자, 아니면 식탁에 저를 눕히기도 하죠. 그리고 야외에서도 자주 하는 편이에요. 밤이면 샤워를 하고 집 뒤에 산에서도 해요.\r\n\r\n늦게 오는 날이면 샤워하고 내려오라고 해서는 카섹스도 즐기는 편이고요. 글쎄 얼마 전에는 옥상에서도 했었고... ^^ 옥상 계단에서도 했었어요. 저희 집은 빌라 3층이기 때문에 옥상을 저희만 쓰거든요. 하여간 별나요.\r\n\r\n처음에는 이상했는데 지금은 항상 새로운 섹스를 하는 거 같아 좋은 거 같아요.\r\n\r\n또 하나 이야기를 하자면요. 왜, 아이들이 인형을 가지고 놀듯이 삽입하는 거보다는 만지고 맛보고 벌리고... ㅡㅡ;; 어찌 표현을 해야 할 지 모르겠네요.\r\n\r\n\r\n어쨌든...\r\n\r\n신랑이 욕실에 들어와서는 비누칠을 해주겠다는 거예요. 전 남편이 일본까지 데리고 와 주었는데 기분은 맞추어주어야 할 것 같아 대답 대신 고맙다는 인사를 했죠. 이내 남편은 세면대 옆에 있던 손 닦는 작은 수건을 들어 물을 적셔 비누칠을 했어요. 그리고는 저를 세면대를 잡고 엎드리라고 했지요.\r\n\r\n남편은 수건으로 저의 등을 시작하여 허리 쪽으로 서서히 내려오며 비누칠을 해주었어요. 남편은 제 옆에 서서 비누가 묻은 왼손으로는 제 유방을 만지며 오른손으로는 허리를 지나 엉덩이 구석구석을 닦아주었어요. 그날은 무척 편안하게 느껴지는 날이었어요. 남편은 다리 사이에 손을 넣고는 “좀 벌려봐” 하더라고요. 전 대답과 함께 다리를 약간 벌려주었어요. 남편은 수건으로 항문을 깨끗이 닦아주곤 이내 다리 사이로 수건을 넣어 둔덕까지 부지런히 닦아주었어요.\r\n\r\n그리고는 수건을 왼손으로 고쳐 잡더니 제 유방부터 아랫배까지 비누칠을 했어요. 오른손은 비누가 잔뜩 묻은 손으로 제 항문 부분을 손가락으로 애무를 했었어요. 손가락이 들어올 거 같아 잔뜩 힘을 주었지요. 아직까지 항문 섹스는 경험이 없거든요.\r\n\r\n잠시 후 남편은 수건을 바닥에 놓고 손으로 제 몸을 어루만지기 시작을 했죠. 저를 세면대에 기대어 서게 하고는 미끄러운 손으로 제 아래를 애무하였죠.\r\n\r\n남편이 쓴 글 중에 영희 엄마의 클리토리스가 크다는 표현을 자주 하는데, 아마 저를 두고 하는 말 같아요. 이상하게 저는 다른 사람에 비해 꽤 큰 것 같거든요. 큰 것이 아니라면 노출량이 많은 것이겠죠. ㅡㅡ;;\r\n\r\n그래서 지금도 남편이 그 부분을 조금만 핥아주어도 금방 오르가즘을 느껴요. 다른 남자들은 조루라고 해서 걱정을 하는데 우리 신랑은 조루가 와도 걱정하지 않을 거예요. 여자 복은 많아 가지고... ^^;;\r\n\r\n미끄러운 손으로 제 아래를 계속해서 만져주자 저도 모르게 신음소리를 내었어요. 남편은 제 몸에 대해 잘 알기 때문에 절 금방 흥분을 시키거든요. 전 그 짧은 시간을 참지 못하고 그새 오르가즘을 느꼈죠. 다리가 후들거려 서 있기도 힘이 들 정도였어요.\r\n\r\n남편은 만족했다는 듯이 웃으며 따듯하게 온도를 맞추어 저에 몸에 비눗물을 닦아주었어요. 웃는 남편 얼굴을 보면 저도 따라 웃기는 하지만 제 몸이 정상이 아닌 거 같아 창피하고 얼굴이 뜨거워져요. 그건 지금도 그래요. 남편은 제 몸을 다 닦아주곤 들어가 쉬라고 하더군요. 혼자서 샤워를 하겠다고... 저는 제가 닦아 주겠다고 했지만, 남편은 굳이 들어가서 쉬라고 했어요.\r\n\r\n전 욕실을 나와 물기를 닦고 냉장고에서 생수를 한 병 꺼내 마셨어요. 물을 마시며 TV를 무심코 보았는데 성인이라고 한자가 써있었어요. 남편과 포르노 테입은 많이 보았기 때문에 별 망설임 없이 버튼을 눌었어요.\r\n\r\n잠시 후 화면에서 일본말과 영어로 유료이며 분당 금액이 얼마라고 나오더군요. 다시 한 번 버튼을 누르니 남편과 자주 보던 그런 포르노 영화가 나왔어요. 다만 틀린 것이 있다면 성기 부분은 모자이크 처리가 되었더군요.\r\n\r\n드라이기로 머리를 말리고 속옷만 간단히 걸치고 침대에 누워 포르노 영화를 보고 있는데 남편이 나오더군요. 욕실에서 물기는 다 닦았는지, 몸에 물기가 보이지 않았어요.\r\n\r\n남편은 아무것도 입지 않은 채 제 옆에 눕더니 성기를 빨아 달라는 눈치였어요. 이미 남편 것은 커져 있었지요. 전 남편이 편히 누워 영화를 볼 수 있도록 쿠션을 모아 머리 부분에 놓아주었어요. 남편은 쿠션 위로 팔베개를 하고 누워 포르노 영화를 보며 저의 서비스를 받았지요.\r\n\r\n전 열심히 남편의 성기를 애무해 주었어요. 그 당시는 많이 서툴렀지만 남편의 성기이기에 맛있게 핥아 주었지요. 가끔 남편의 요구에 따라 귀두 부분을 혀로 핥아도 주고 귀두가 목젖에 닿을 정도로 깊이 빨아도 주었어요.\r\n\r\n남편이 \"아래 좀…\"하길래 고환을 혀로 누르듯이 핥아주었어요. 남편이 제 유방을 만지려고 팔을 뻗어오길래 남편의 다리 사이에서 나와 남편 옆으로 가서 성기를 빨아 주었지요. 하지만 남편의 손은 유방이 아닌 저의 팬티를 벗기고 있었어요. 전 조금 전에 한 번의 오르가즘을 느낀 상태라서 별생각이 없어, \"자기만 해”라고 하자 남편은 “조금만 만져 볼게”하더군요.\r\n\r\n전 대답은 하지 않았지만 남편이 팬티를 벗기는 것을 도와주었어요. 그리고는 계속 남편의 성기를 물고 있었지요. 그런데 또 남편이 저의 예민한 곳을 만지는 거예요. 전 거부를 하듯이 엉덩이를 약간 흔들었어요. 저는 몸은 건강한데 오르가즘을 한번 느끼고 시간이 좀 지나야 다시 하고 싶다는 생각이 들거든요.\r\n\r\n아니면 오르가즘을 느낄 때 남편이 계속해주면 연속해서 3번까지는 느껴 보았지만 한 번 느끼고 나서 식고 나면 다시 하기가 힘이 들더라고요. 전 지금도 오르가즘이 오면 좀 요란하거든요. 그리고 힘도 주~~욱 다 빠지고...\r\n\r\n그 때도 바로 전에 한 번 느낀 후라 거부를 했던 거죠. 하지만 남편의 손은 집요했어요. 전 다시 한 번 힘이 들어서 그렇다고 남편을 이해시키고 나서야 남편 손을 잠재울 수 있었어요.\r\n\r\n그 대신 전 입으로 남편을 만족시켜 주었지요. 전 지금도 생리 때나 아니면 피곤할 때에 입으로 해주는데, 전 남편이 사정을 하면 정액을 다 먹어 주는 편이에요. 남편이 좋아하거든요. 처음에는 무지 싫었는데... 지금은 남편 거 먹는 것은 아무렇지 않아요.\r\n\r\n그리고 먹는 이유가 또 하나 있어요. 남편이 당뇨가 있는데 다행히 혈당 조절을 잘해서 심하지는 않지만, 식사량이나 음료수를 많이 마신 날은 정액이 무척 달아요. 그런 날은 제가 잔소리를 많이 하죠.\r\n\r\n\r\n\r\n서론이 너무 길었나요? 이제 본론은 2장부터 할게요. 타자가 너무 늦어 고생이 이만저만 아닙니다.\r\n\r\n남편은 어제 부산에 출장을 갔었는데 조금 전에 공항이라고 전화가 왔었어요. 30분 후면 도착을 할 거 같아 저녁 준비를...\r\n\r\n미안하고요. 오늘 일본에서의 스와핑 첫경험은 마저 올려드릴게요. 그럼...\r\n\r\n남편은 어제 제가 올린 글과 오늘 올린 글을 아직 보지 못했을 거예요. 계속 자랑할 수 있도록 부탁 드립니다.'),(6,'저와 남편은 단잠을 자고 10시경쯤 일어났어요. 남편은 일어나자마자 배가 고프다고 하더군요. 원체 잘 먹는 스타일이라...\r\n\r\n그래서 옷을 간단하게 차려입고 호텔 밖으로 나와 식사가 될 만 한곳을 찾았어요. 우리는 바로 호텔 앞 골목에 있는 조그마한 주점을 발견하고는 주점에 들어섰죠.\r\n\r\n한 7평쯤이나 될까요? 테이블은 4개 정도이고 다비에 의자가 몇 개 있더군요. 우린 다비에 앉았어요. 남편은 한국에서 일식집을 갈 때마다 다비에 잘 앉거든요. 다비에 앉아야 맛있는 것을 많이 얻어먹는대요.\r\n\r\n남편은 저에게 통역을 시켜 미즈와리(찬 소주)와 히라스(방어)를 시켰어요. 전 튀김을 조금 시키고요.\r\n\r\n잠시 후 주방 아저씨는 음식을 내주었지요.\r\n\r\n오랜만에 남편과 여행을 해서 기분을 내느라고 저도 한 잔 달라고 해서 저도 한 잔을 받았어요. 사실 전 술을 전혀 못 하거든요. 남편이 건배를 해오길래 저도 남편과 같이 원샷을 했어요. 항상 느끼지만 무지 쓰더군요. 한 잔을 더하면 토할 거 같아 전 그만 마시고 남편은 거의 한 병을 다 마시고야 자리에서 일어나 호텔로 돌아왔어요.\r\n\r\n전 호텔 로비에서 남편에게 바에 가서 맥주 한 잔 더 하자고 했어요. 전 술은 못하지만, 저녁에 잠시 눈을 붙여 방에 가봐야 잠도 오지 않을 거 같았거든요. 남편도 저와 같은 생각이었는지 망설임도 없이 좋다고 했어요.\r\n\r\n우린 지하에 있는 바에 가서 구석 자리를 잡았지요. 남편은 웨이터에게 작은 양주를 시키고 저는 분위기 맞추어 준다고 맥주를 한 병 시켰어요. \r\n\r\n잠시 후 술이 오고 서너 잔쯤 마셨을 때 웬 여자 분이 다가와서는 우리말로 합석을 하자고 했어요. 자신은 한국 사람인데 일본인과 결혼을 해서 지금 오사까에서 살고 있고 오늘 자기들 결혼 10주년을 맞아 도쿄에 놀러 왔다고 하더군요. 전 대답을 못 하고 남편을 쳐다보니 남편은 그러자고 하더군요.\r\n\r\n자신의 자리로 돌아간 여자는 남편과 이내 저희 자리로 왔어요. 서로 인사를 하는데, 나이는 저희보다 6살씩 많았고 남자 이름은 가찌하라 상이었어요. 여자분은 그냥 언니라고 표현을 하지요.\r\n\r\n가찌하라 상은 완벽할 정도로 우리말을 잘하더군요. 한국에 유학을 와서 언니를 만났다고 했으니...\r\n\r\n우리는 술보다는 많은 이야기를 했어요. 남편도 두 분이 마음에 들었는지 농담도 많이 했어요.\r\n\r\n그렇게 시간이 두 시간쯤이나 흘렀을 때 웨이터가 와서 영업시간이 끝이 났다고 했지요. 그래서 우리는 같이 일어서는데 언니가 저에게 방에 가서 맥주 한 잔 더 하자고 했지요. 전 그러고 싶었지만 남편 눈치만 보고 있는데 남편은 실례만 안 된다면 좋다고 했어요.\r\n\r\n그래서 우리는 그분들 방으로 같이 갔어요. 그런데 그분들 방은 스위트룸이라 거실이 상당히 크더군요. 언니와 우리가 먼저 자리에 앉아 있었는데 가찌하라 상은 쟁반에 양주와 맥주 세 병을 안주와 가지고 왔어요. 그리고 한국에서 배웠다면서 폭탄주를 만들기 시작했어요. 그리곤 남편한테 주었지요.\r\n\r\n남편은 고맙다는 말을 하고는 다 마셨어요. 그리고 다음 잔은 저에게 준다면서 양주를 조금 넣은 뒤 맥주도 반 컵만 주더군요. 저는 거절을 하다가 남편과 두 분이 하도 권하길래 다 마셔버렸어요. 금세 속이 뜨거워지데요.\r\n\r\n그리고 그 다음 잔은 언니가 쉽게 비우니 남편이 병을 잡더니 가찌하라 상 것은 남편이 만들어 준다고 했어요. 가찌하라 상은 남편이 만들어 준 것을 한번에 다 마시곤 역시 폭탄주는 한국 사람이 만들어야 맛있다고 농담을 했어요.\r\n\r\n그리곤 언니도 한 잔 따라주라고 했고 언니가 다 마시자 제 것도 만들어 주라고 했지요. 전 정말 못 마시겠다고 하니, 마지막이라며 권하길래 두 눈을 질끈 감고 다 마셔버렸죠. \r\n\r\n그 다음부터는 저를 빼고 몇 바퀴 더 돌더니 양주만 마시더군요. 하지만 벌써 취해 있었어요. 방이 빙빙 도는 거 같더군요.\r\n\r\n잠시 후 언니가 일어나며 우리 이제 재미있는 거 보자며 포르노를 틀었어요.\r\n\r\n아마 세 사람 다 취해 있던 거 같아요. 특히 남편은 미즈와리 한 병 정도가 주량인데 이미 주량을 한참이나 넘었거든요. 가찌하라 상도 한 번도 안 쓰던 일본말을 하는 걸 보면 많이 취한 것 같았죠. 그리고 혀도 꼬이는 거 같았고요.\r\n\r\n그중 그래도 언니가 좀 나아 보였는데 취한 건 마찬가지였어요. 언니는 포르노를 틀고는 제 옆으로 와서 앉고는 가찌하라 상을 자기 옆으로 불렀지요. 가찌하라 상은 말이 끝나기가 무섭게 언니 옆으로 와 앉았어요.\r\n\r\n우리는 긴 쇼파에 앉아 TV에서 나오는 포르노를 보았어요. 그런데 갑자기 가찌하라 상이 테이블에 있던 리모컨을 들고는 방 조명을 어둡게 하는 거였어요. 그리고는 남편에게 좀 어두운 게 좋지 않냐고 물으니 남편은 상관없다고 하더군요. 전 잠시 후 기분이 묘했어요.\r\n\r\n사실 남편과 포르노 영화는 많이 보았지만 처음 만난 사람과 포르노를 보는 건 처음이었거든요. 더욱이 처음 보는 남자인데... 감정이 이상하더군요.\r\n\r\n하지만 저는 포르노보다는 못하는 술을 마셔 머리가 좀 아파 눈을 감고 있다가 깜박 졸았나 봐요... 잠시 후 눈을 떠보니 저는 남편 어깨에 기대어 있고 남편은 팔을 제 어깨에 걸쳐 안고 있었어요.\r\n\r\n그리고 옆을 눈만 돌려 보니...\r\n\r\n가찌하라 상이 언니 어깨에 팔을 하나 걸치고는 다른 손으로 언니 유방을 주무르고 있었어요. 순간 전 놀랐어요... 그래서 일어나지도 못하고 눈을 살짝 감고 가짜하라 상의 손만 지켜보았어요. 방안은 벽등 하나에 의지를 하고 있었지만,  TV에서 나오는 빛으로 인해 방안은 환해 잘 볼 수 있었어요.\r\n\r\n잠시 후 가찌하라 상은 언니의 남방 단추를 하나하나 다 풀더군요. 그리곤 어깨끈이 없는 브라자인지 옷도 벗기지 않고 쉽게 몸에서 떼어 냈어요.\r\n\r\n그리고 우리에게 언니의 유방을 자랑하듯이 남방을 벌려 두 유방이 보이도록 했어요. 언니의 유방을 보고 전 무척 이쁘다는 생각을 했지요. 작고 아담했어요. \r\n\r\n그런 유방을 애무하듯이 가찌하라 상은 부드럽게 쓰다듬으며 주물렀어요. 남편은 처음부터 보고 있었는지, 바지 앞부분이 올라와 있고 점점 숨소리가 거칠어지는 것을 전 느낄 수 있었어요. 그런데... 헉!\r\n\r\n언니의 손을 자세히 보니 가찌하라 상의 바지에서 성기를 꺼내 흔들어 주고 있는 거예요. 순간 저는 놀라긴 했지만 가슴이 찌릿했어요. 떨리기도 하고...\r\n\r\n순간 남편은 어깨에 있던 손을 저의 가슴으로 밀어 넣었어요. 막으려 했지만, 너무 조심스럽게 밀고 들어오는 손을 막기가 미안했었지요. 남편은 조심히 저의 브라자를 손끝으로 들치며 브라자 안으로 손을 넣어 유두를 조물닥거렸지요.\r\n\r\n그리고 한 손이 치마 안으로 들어오는 거예요. 전 창피한 생각이 들어 치마 위를 눌렀어요. 그러자 남편은 저에 귀에 대고는 \"조금만…\"이라고 하는 거예요.\r\n\r\n전 고개를 흔들었어요. 흥분은 되었지만 이성을 잃을 정도는 아니었거든요. 바로 옆에 처음 만난 사람들이 있는데 마음이 열린다는 게 그리 쉽지 않았어요.\r\n\r\n하지만 남편은 계속해서 치마 속으로 손을 넣기 위해 손에 힘을 주었어요. 전 두 사람에게 이런 실랑이를 벌이는 것 또한 알게 될까 봐 치마를 누르던 손에 힘을 뺐지요. 그러자 남편 손은 허벅지 안쪽을 쓰다듬으며 연신 유두를 꼬집듯이 만졌어요. 남편의 숨소리는 옆 두 사람이 들릴 정도로 크고 거칠게 들렸어요.\r\n\r\n잠시 남편의 손에 신경이 쓰여 두 사람의 행동을 보지 못했는데. 언니의 큰 신음소리에 고개를 돌려 보니 가찌하라 상이 고개를 숙여 언니의 유방에 입을 대고 쪽~쪽~ 소리를 내며 빨아 주고 있었지요.\r\n\r\n전 순간 아래에 물이 몰리는 느낌이 들었어요. 다른 사람이 애무하는 것을 직접 본 것은 처음이니 당연한 현상이겠죠. \r\n\r\n가찌하라 상은 언니의 한쪽 다리를 들어 자신의 무릎 위에 올려 치마 속을 더듬고 유두를 빨며 유방 전체를 혀로 핥아댔어요. 언니의 신음소리는 점점 커져만 가고... 저는 저대로 흥분에 젖어갔어요. 남편도 흥분이 되어 가는지 손길이 점점 거칠어졌지요. 남편은 팬티 위로 둔덕을 비비며 유방 전체를 주물렀어요. 남편은 저의 몸을 너무 잘 알기 때문에 저를 금방 흥분에 깊이 빠져들게 하고 있었지요.\r\n\r\n제가 이성을 잃어가며 남편의 손길에 길이 들어갈 무렵, 가찌하라 상은 쇼파에서 내려와 언니 앞에 무릎을 꿇고 앉아 언니의 팬티를 벗기고 있었어요. 팬티를 발에서 빼낸 가찌하라 상은 언니 엉덩이 뒤로 두 손을 넣어 언니 엉덩이를 쇼파 앞으로 당겨 걸쳐 앉듯이 만들어 놓은 뒤, 가슴을 밀어 등받이에 기대게 했지요.\r\n\r\n그리곤 두 발을 모아 들어 무릎이 언니의 유방에 닿을 정도로 올렸어요. 그리고 언니의 아래를 핥아주었어요. 맛있다는 듯 쩝쩝 소리를 내며 항문쯤부터 시작을 해서 클리토리스까지 길게 길게 여러 번을 핥아댔지요.\r\n\r\n저는 이제 부끄러움도 잊고 남편의 손길보다는 아예 고개를 돌려 가찌하라 상의 행동을 보며 언니의 흥분하는 모습을 보며 점차 이성을 잃어갔어요.\r\n\r\n순간 남편도 가찌하라 상의 행동을 흉내라도 내듯이 제 앞에 앉아 치마 속으로 두 손을 넣었어요. 전 하지 말라는 듯이 한 손을 뻗어 남편의 어깨를 미는 듯했지만 힘은 전혀 들어가 있지 않았지요. 남편의 손이 제 팬티라인에 닿자 서둘어 엉덩이까지 들어주었어요. 남편은 제 팬티를 다 벗기고 무릎부터 입을 맞추기 시작해 아래쪽으로 가까이 오고 있었어요.\r\n\r\n전 제 스스로 언니와 비슷한 자세가 되도록 쇼파 앞부분에 걸터 앉았지요. 남편도 제 다리를 벌려 잡고는 만세를 부르듯이 높이 들고는 제 아래를 핥기 시작했어요. 이미 흠뻑 젖은 제 아래는 남편이 입을 대기도 전에 한줄기의 보짓물이 항문을 지나가기도 했어요. 저도 참지 못하고 언니와 같이 큰소리의 신음을 내었죠.\r\n\r\n남편은 항문에 혀를 넣을 듯이 찌르기도 하고, 거기 구멍에 혀를 넣으려고도 했어요. 그리고 제가 제일 참지 못하는 곳을 빨기 시작했죠. 전 거의 실신을 할 지경이었어요. 단 5초만 남편이 거길 계속 빨아준다면 금세 오르가즘을 느낄 거 같아 전 남편에 머리를 밀기 시작했어요.\r\n\r\n남편은 제 의도를 알았는지 자리에서 일어나 쇼파에 앉으며 저를 바닥에 앉도록 제 등을 밀었어요. 전 남편의 의도는 알았지만, 아직은 좀 부끄러웠어요. 그래서 좀 멈칫했는데, 언니는 제가 부끄러워하는 것을 눈치라도 챘는지 가찌하라 상을 쇼파에 앉으라고 하고는 그가 쇼파에 자리를 잡자 그의 성기를 입속으로 밀어 넣었어요.\r\n\r\n언니와 가찌하라 상은 저희를 전혀 의식하지 않았지요. 아니, 의식을 하고 있었기에 저와 남편이 편하게 섹스를 할 수 있도록 먼저 시범을 보이며 저희가 부끄러워하지 않도록 해준 것이죠.\r\n\r\n언니가 가찌하라 상의 성기를 소리 나게 빨아주는 모습을 보며 저도 용기를 얻어 남편의 성기를 빨아 주었어요. 누가 잘하는지 시합이라도 벌이듯이... 남편은 평소 버릇과 같이 이렇게 해라 저렇게 해라 하고 입을 쉬지 않았어요. 물론 평상시 우리 둘이 있을 때보다는 작은 소리로요.\r\n\r\n전 남편의 주문대로 언니를 곁눈질을 귀두를 돌아가며 핥아도 주었고, 기둥 부분을 아래부터 귀두까지 반복하며 핥아 주었어요. 그리고 흔들거리는 포도알을 한입에 넣어 혀로 굴려 주기도 했어요. 이 방법은 남편이 지금도 좋아해요.\r\n\r\n남편은 이제 거의 사정이 임박해졌는지 저에게 쇼파를 잡고 엎드리게 했어요. 지금도 남편은 뒤에서 하는 것을 좋아하거든요. 전 일어나 쇼파를 잡고 엎드려 남편이 하기 편하게 무릎을 조금 구부려 주었어요. 부부가 되어 여러 번 잠자리를 하게 되니 어느 정도의 높이면 남편이 편해 하는지 알게 되더군요. \r\n\r\n전 남편의 성기가 제 몸속으로 들어오는 것을 느끼며 옆에 언니를 보니 언니는 누구의 생각인지는 모르지만 쇼파에 다시 앉으며 다리를 벌려주자 가찌하라 상은 자신의 성기를 잡고 언니의 아래에 넣기 시작을 했어요. 전 남편이 뒤에서 치듯이 저에 몸에 성기를 넣었고, 저는 손을 아래로 해서 남편의 두 포도알을 만져 주었어요.\r\n\r\n그런데 갑자기 으~~~하는 신음소리를 내며 가찌하라 상은 성기를 언니 몸속에서 꺼내어 손으로 흔들며 언니 유방에다 사정을 하였죠. 언니도 오르가즘을 느끼고 있는지 신음 소리를 크게 내며 가슴에 묻은 정액을 유방에 바르며 눈을 뜨지 못하고 있었어요.\r\n\r\n전 두 사람의 모습을 보며 저도 오르가즘을 느끼기 시작을 했어요. 그때나 지금이나 좀 별나게 (신음소리 크기가 장난이 아님) 느끼기 시작을 했어요. 남편도 제가 느끼기 시작하고 바로 제 몸속 깊이 정액을 토해 냈어요. 그날 전 얼마나 길게 오르가즘을 느꼈는지 남편의 성기가 제 몸 속에 있는 것을 의식도 하지 못하고 그만 무릎을 바닥에 붙이고 얼굴을 쇼파에 묻고는 거친 숨을 몰아쉬고 있었어요.\r\n\r\n당시 전 바보스럽게도 티셔츠와 치마를 입고 있었기에 제 몸을 가찌하라 상에게 보여주지는 않았다는 생각으로 그나마 부끄러움을 달랬죠.\r\n\r\n그리고 우리는 좀 어색해서 잠시 후 인사를 하고 저희 방으로 돌아와 욕실에서 같이 샤워를 했어요. 전 남편과 눈이 마주치자 괜히 죄스러웠는데, 남편은 웃으며 좋았다고 하더군요.\r\n\r\n\r\n( 2부 끝)\r\n\r\n\r\n3부에서는 부부 교환이 이루어졌어요. ㅡㅡ;;\r\n\r\n오래전 이야기라 감정의 표현에 있어서 약간은 변화되었지만, 90% 이상은 사실을 근거해서 써 보았습니다. 부족함이 많은 글이지만 많이 읽어주시고 추천도 많이 부탁 드려요.\r\n\r\n그럼 바로 3부 올리겠습니다. 안녕... 감사해요...'),(7,'집에 돌아온 우리 부부는 샤워를 하고 누웠다.\r\n\r\n\"오빠, 아까 어땠어? 좋았어?\"\r\n\"뭐가?\"\r\n\"지인이 벗은 것도 보고 지인이 자위하는 것도... 잠깐이었지만 섹스하는 것도 봤잖아.\"\r\n\"당연히 좋았지. 생각지도 못하게 생 포르노를 봤는데... 넌?\"\r\n\"음... 나도 싫지는 않았어. 솔직히 좀 황당하기도... 하지만 흥분됐어.\"\r\n\"다행이네. 역시 내 자기야.\"\r\n\"옛날에 시연이가 한국에서 자위하는 거 가르쳐줄 때 여자 자위하는 거 보고 이번이 두 번째다\"\r\n\"난 여자들 자위하는 거 보면 열라 흥분돼.\"\r\n\r\n어느새 아내는 내 자지를 만지고 있었다. 나도 아내에 팬티에 손을 넣어 보지를 만지기 시작했다. 벌써 엄청 젖어 있었다. 기호네 집에서 흥분된 기분이 계속되나 보다.\r\n\r\n\"기호가 자기 벗은 거 보고 무지 흥분하더라.\"\r\n\"응. 기호 씨가 계속 내 가슴이랑 거기 쳐다봤어.\"\r\n\"좋았지?\"\r\n\"딴 남자가 보니까 처음엔 부끄러웠는데... 점점 기분이 이상해지더라.\"\r\n\"기호랑 하고 싶지는 않았어?\"\r\n\"아니, 그런 생각은 안 하고... 그냥 섹스하고 싶은 생각만...\"\r\n\r\n아내에 보지에서는 애액이 울컥울컥 쏟아져 나오고 있었다.\r\n\r\n\"지인이랑 무슨 얘기 했어? 우리 담배 피우는 동안?\"\r\n\"어, 그냥 기호 씨가 자기 잘 만족 못 시켜줘서 자위 자주 한다고...\"\r\n\"그래? 그리고 또?\"\r\n\"뭘 듣고 싶은거야? 언니가 나 부러워 하더라. 오빠 거기도 크고 잘할 거 같다고.\"\r\n\"후후, 그래? 지인이 한번 해줄까?\"\r\n\"뭐야, 오빠. 지인 언니랑 하고 싶어? 진짜?\"\r\n\"으..응. 솔직히 하고 싶지. 얼굴도 괜찮고 몸매도... 먹으면 맛있을 것 같아.\"\r\n\"아, 오빠가 지인 언니랑 하는 거 생각하니까 질투가 나는데... 흥분된다.\"\r\n\r\n난 아내의 팬티를 벗기고 아내의 보지를 빨기 시작했다. 아내의 애액이 내 입을 온통 적셔왔다.\r\n\r\n\"아..흐... 오빠... 좋아..거기.. 계속...\"\r\n\"후루룩... 미희 좋아?\"\r\n\"아... 어... 좋..아... 계속..아..아...\"\r\n\"후루룩..후루룩... 좋으면 계속 헐떡여. 더 크게...\"\r\n\"아! 아.......아..오..빠..아... 지인...\"\r\n\"뭐? 지인이 뭐?\"\r\n\"지..인.. 언..니..랑 하지..마. 질..투..나...\"\r\n\"후후... 너가 그러니 더 하고 싶네... 지인이 보지에 꼭 박아야지.\"\r\n\"아... 오빠..아... 하고 싶..어? 언니랑? ...할거야?? 아~~\"\r\n\"어, 너 몰래...\"\r\n\"아~ 몰..래..하지마... 그냥..나..한테 말..해줘... 이해할게. 아~~!\"\r\n\"그래, 좋아. 너도 많이 해줄게... 걱정마.\"\r\n\"아! 좋..아... 거기.. 계속..아... 지..인 언니 눈치..도 오빠랑 하고 싶..어하던..데...\"\r\n\r\n난 지인이 자위하던 모습을 떠올리며 아내의 보지에 자지를 깊숙히 박았다.\r\n\r\n\"아~~~~ 오빠, 오늘..너무...커... 아악!\"\r\n\"뺄까? 아프면?\"\r\n\"아! 아니... 빨리..해줘. 날..먹어...\"\r\n\r\n난 아내에 보지에 마구 박아댔다.\r\n\r\n\"좋아?\"\r\n\"어..아!! 나.. 미쳐...아...아..\"\r\n\"지인이도 이렇게 해줄 건데?\"\r\n\"아~~아~~~ 해...지인 언니랑...아....나 좋아...아!..나...\"\r\n\"지인이랑 하는 거 볼래?\"\r\n\"아!! 어..어... 나..볼래... 하는 거... 아!! 나..싸..나..싼..다!!\"\r\n\"싸. 질질 싸. 싸버려!\"\r\n\"아~~~~~~~~ 오빠....!\"\r\n\r\n난 자지를 얼른 빼고 아내의 다리를 벌렸다. 아내는 약간의 경련을 하며 애액을 찍찍 싸기 시작했다. 아내가 이렇게 오줌을 싸듯 애액을 싸는 경우는 아주아주 흥분했을 때다. 난 아내가 사정하는 걸 보며 아내의 허벅지에 사정을 했다.\r\n\r\n\"좋았어? 오늘 엄청 흥분했구나?\"\r\n\"아이, 몰라... 오빠가 지인 언니랑 하는 게 자꾸 상상되는데, 막 흥분이...\"\r\n\"후후. 나중에 진짜 하는 거 봐.\"\r\n\"오빠 진짜 할 거구나?\"\r\n\"기회가 되면...\"\r\n\"알았어. 오빠가 그렇다면... 근데 몰래 하지 마. 알았지?\"\r\n\"응, 알았어. 안 할 수도 있고.\"\r\n\r\n난 아내와 찐한 키스를 하고 깊은 잠에 빠졌다.'),(8,'거의 일주일 동안 우리 부부는 섹스를 못 했다. 둘 다 시험 기간이었다.\r\n\r\n드디어 난 오늘 아침 시험이 끝나고 낮에 집에 왔다. 아내는 없었다. 아직 도서관에 있나 보다.\r\n\r\n지인이 생각이 났다. 기호네 집에 전화를 했다.\r\n\r\n\"지인이니? 잘 지냈어? 기호는?\"\r\n\"아, 오빠. 잘 있었어요. 기호 오빠는 도서관 갔는데... 밥 먹었어요?\"\r\n\"아, 그래? 아직 밥은 안먹었지.\"\r\n\"그럼 미희랑 우리 집에 오셔요. 저 혼자 밥 먹기 싫은데...\"\r\n\"미희도 학교에 갔어.\"\r\n\"그러면 혼자라도 오셔요\"\r\n\"그래.\"\r\n\r\n와인 한 병을 들고 기호네 집에 갔다.\r\n\r\n\"오빠, 오랜만이네요. 시험 끝났어요?\"\r\n\"응. 난 오늘 끝났어. 초대해줘서 고맙네.\"\r\n\"오빠는... 우리 사이에 초대는...\"\r\n\r\n지인과 난 그때의 일은 잊은 듯 이런 저런 얘기를 하며 밥을 먹었다. 보면 볼수록 참하게 생겼는데 섹스도 좋아하다니...\r\n\r\n밥을 먹고 둘이 와인을 마시며 영화를 봤다. 분위기는 점점 야릇해지고 있었다.\r\n\r\n\"아!\"\r\n지인이 와인잔을 내려놓다가 떨어뜨려 발에서 피가 나기 시작했다.\r\n\r\n\"이런... 괜찮아? 약 상자 어딨어?\"\r\n\"아야. 안방에 약 상자 있는데... 제가 가져올게요.\"\r\n\"아니야. 내가 가져올게.\"\r\n\r\n난 안방으로 들어가 약 상자를 찾았다. 그런데 침대 아래 검은색 조그만 박스가 눈에 들어왔다. 난 약 상자일까 해서 뚜껑을 열었다. 거기에는 남자 자지 모양의 빨간색 자위 기구가 들어있었다.\r\n\r\n\"오빠, 찾았어요?\"\r\n지인이 방문을 열고 들어왔다. 지인이는 내가 자기 자위 기구를 보고 있는 걸 보았다.\r\n\r\n\"어머! 오빠... 지금 뭐 해요?\"\r\n\"아..미안... 난 약 상자인 줄 알고...\"\r\n\"아이, 뭐야... 그걸 보면 나 어떡해...\"\r\n지인을 금방이라도 울 것 같은 표정이 되었다.\r\n\r\n\"미안. 안 본 걸로 할게. 난 몰랐지...\"\r\n난 얼른 화장실로 달려가 휴지를 가져왔다.\r\n\r\n지인은 자위 기구를 침대 밑으로 밀어 놓고 침대에 앉아 있었다. 난 가만히 지인의 피를 닦았다.\r\n\r\n\"지난번에도 오빠한테 좀 창피했는데, 오늘도... 나 왜 이러지.\"\r\n\"창피하긴. 우리 사이에... 지난번에 너 멋지고 섹시했어.\"\r\n\"그렇게 말해주니 고맙네요. 오빠... 이것도 못 본 걸로 해줘요, 네?\"\r\n\"알았어. 난 아무것도 못 봤어.\"\r\n\"고마워, 오빠.\"\r\n\r\n난 씨익 웃어 주었다. 그리고 지인의 옆에 앉았다.\r\n\r\n\"그런데..기호랑 잠자리 문제 있니?\"\r\n\"...오빠는 별걸 다... 아, 그때 우리 하는 거 봤지.\"\r\n\"......\"\r\n\"오빠니까 내가 말하는데... 기호 오빠는 다른 거 다 좋은데, 난 밤에 만족이 안 돼.\"\r\n\"그랬구나...\"\r\n\"그래서 내가 기구를 쓰게 된거구. 혼자 하기 시작하면 멈출 수가 없어.\"\r\n\"혼자 자주 해?\"\r\n\"응... 거의 매일... 안 그러면 참을 수가 없어. 나 색년가 봐, 어머..내가 별 얘기를 다 하네.\"\r\n\"뭘...나도 혼자서 자주해. 미희도 혼자서 하고... 어쩔 때는 혼자 할 때가 더 좋기도 하지.\"\r\n\"그래? 오빠도 혼자 해요? 미희도? 둘은 서로 잘하잖아?\"\r\n\"우리 부부야 속궁합 좋지. 그래도 가끔 혼자해. 상상하면서...\"\r\n\"아... 그래. 무슨 상상?\"\r\n\"후후후, 무슨 상상은... 너가 혼자 하며 상상하는 거 같은 거...\"\r\n\"어머... 오빠도...\"\r\n\r\n난 가만히 지인의 어깨를 감쌌다. 지인이도 내 어깨에 머리를 기댔다.\r\n\r\n\"나 솔직히 그때 오빠 거기 보고 얼마나 놀랐는데...\"\r\n\"왜 놀래?\"\r\n\"너무 커서... 이런 말 해도 되나?\"\r\n\"뭐 어때. 기왕 얘기 나왔는데...\"\r\n\"그날 밤 오빠 부부 집에 가고 기호 오빠 자고 나 혼자서 엄청했어.\"\r\n\"후후후. 혼자? 포르노 보면서?\"\r\n\"...으..응. 포르노 보며...\"\r\n\r\n난 지인의 면티 속으로 손을 살며시 집어넣었다. 지인이도 어느 정도 예상했는지 가만히 있었다. 난 지인의 브래지어를 올리며 지인의 탐스런 가슴을 만지기 시작했다.\r\n\r\n\"아~~ 오빠... 우리..이러면...\"\r\n\r\n난 지인의 입을 내 입술로 막았다. 키스를 하며 브래지어 끈을 풀고 지인의 가슴을 만졌다.\r\n\r\n\"으...으..음...\"\r\n지인은 미친 듯 내 입술을 빨아댔다.\r\n\r\n난 지인을 침대에 쓰러뜨리고 면티를 벗겼다. 그리고 지인의 젖꼭지를 빨기 시작했다.\r\n\r\n\"어..아! 오빠...이..러..며..면... 아..!\"\r\n지인은 약간 당황해하면서도 나에게 몸을 맡겼다.\r\n\r\n난 한 손을 지인의 치마 속에 넣어 팬티 위로 그녀의 보지를 만지기 시작했다. 팬티가 젖고 있다.\r\n\r\n\"어머... 오빠. 아! ...이러며..면..허..허..아..!\"\r\n\"나... 이상..해... 아~\"\r\n\"아~! 오빠... 우리..이렇지.. 말아..요.\"\r\n\r\n난 지인의 말에 모든 행동을 멈추고 지인을 봤다. 지인이 일어나 앉았다.\r\n\r\n\"지인아, 미안... 내가 실수를 했나 보네.\"\r\n\"아, 아니에요, 오빠. 오빠 실수가... 내가 괜히 분위기를... 미안해요.\"\r\n\"난 네가 너무 예뻐서 참을 수가 없었어.\"\r\n\"......\"\r\n\"너가 싫다면 해서 안 되지...\"\r\n\"아니, 꼭..싫은 게 아니라... 미희 때문에..미안해서...\"\r\n\r\n난 지인의 손을 잡아 내 커진 자지 위에 올렸다. 지인이 손을 뿌리치지 않는 걸 보면 얘도 하고 싶은 거였다.\r\n\r\n\"미희는 괜찮아. 이건 비밀인데... 그날 밤 미희랑 섹스하면서 네 얘기 했어.\"\r\n\"무슨?\"\r\n\"나 너랑 하고 싶다고... 너 너무 예뻐서... 미희가 하라고 허락했어.\"\r\n\"미희가 허락했다구요? 그걸 진담으로 믿어요?\"\r\n\"진담이었어. 자기도 내가 너랑 하는 거 보고 싶다고...\"\r\n\"...어..쩜... 미희가...\"\r\n\r\n난 일어나 바지를 벗었다. 팬티와 함께... 내 자지가 지인의 문앞에 불끈 섰다. 지인은 흠칫 놀랐지만 내 자지에서 눈을 떼지 못했다.\r\n\r\n\"지인아, 먹어봐. 내 거...\"\r\n\r\n난 지인에게 다가섰다. 지인은 아무 말 없이 눈을 감더니 내 자지를 입에 넣었다. 지인은 내 자지를 물고 좀 서투른 솜씨로 빨기 시작했다.\r\n\r\n\"쭈..후... 쩝....후...\"\r\n점점 지인은 내 자지를 능숙하게 빨고 핥았다.\r\n\r\n\"어~~~ 지인이 잘하는데... 기호 거 많이 빨았나 보네.\"\r\n\r\n지인은 미소를 띄우며 계속 자지를 빨아댔다.\r\n\r\n\"지인아 빨면서 네 거 만져.\"\r\n\r\n지인은 내 자지를 빨며 한 손으로 자기 팬티에 손을 넣고 보지를 만지고 있었다.\r\n\r\n\"아~~ 지인 좋은데... 역시 내가 생각했던 대로... 넌 사랑스러워.\"\r\n\r\n지인은 내 자지를 입에서 빼고 헐떡이기 시작했다.\r\n\"아~~~ 아~~~ 좋아... 오빠... 나..지금..아...\"\r\n\"좋아? 말해봐 너가 어떻게 하고 있는지...\"\r\n\r\n지인은 내 앞에서 다리를 벌리고 자기 보지를 자위하고 있다.\r\n\r\n\"아~~~ 나, 나... 지금... 오..빠 앞..에서... 만지고 있어.\"\r\n\"뭘? 뭘 만지지, 지인이?\"\r\n\"아~~ 허..헉... 내, 내..보지... 지인이..보지...\"\r\n\r\n이제 지인은 팬티를 내리고 다리를 벌린 채 빠른 손놀림으로 자기 보지를 유린한다. 난 얼른 침대 밑에 있는 지인의 딜도를 꺼냈다.\r\n\r\n\"아... 아..잉... 오빠... 그..건 왜...\"\r\n난 지인을 안아 침대에 눕히고 다리를 벌렸다. 검은 털 사이로 지인의 빨간 보지 속살이 보였다. 지인의 보지는 벌써 부풀어 올라있었고 애액은 질질 흐르고 있었다.\r\n\r\n난 지인의 딜도에 스위치를 넣었다. 딜도가 힘차게 꿈틀거렸다.\r\n\r\n\"아~~아~~~ 오빠... 그걸... 아~~ 나..어떡..해...\"\r\n\r\n난 지인의 보지에 입을 한 번 맞추고 지인의 보지 입구를 딜도로 자극하기 시작했다.\r\n\r\n\"아~~~ 오빠... 그러..면... 나..나... 오..빠..아..!\"\r\n\r\n지인은 허리를 들썩이면서도 손으로 클리토리스를 계속 자극했다. 난 지인의 보지 속으로 딜도를 집어넣었다.\r\n\r\n\"아~ 어..어.. 허..헉... 오..빠..앞..에서 내..가..이..걸...\"\r\n\"괜찮아, 지인아. 너 이걸로 하면서 내 자지 생각했지?\"\r\n\"아, 아..니요... 난..아... 오..빠..아... 나 맞아...\"\r\n\"뭐가 맞아?\"\r\n\"좋아..요... 해주세요. 지인..이... 지인이.. 오빠 자지 생각..하면서... 이걸로...\"\r\n\"그랬지? ...나도 너 앞에서 자위 해줄게... 봐.\"\r\n\r\n난 지인의 손에 딜도를 주고 내 자지를 흔들었다.\r\n\r\n\"지인아, 봐... 나도 너 생각하면서 이렇게 자위했어...\"\r\n\r\n지인은 자기 보지를 딜도로 마구 쑤시면서 내 자위 행위를 보고 있었다. 지인의 입에서 침이 흘렀다.\r\n\r\n\"넣고 싶어? 내 자지?\"\r\n\"어, 오빠... 넣어..줘... 날 어떻게 해..줘... 제..발...\"\r\n\"안 돼... 오늘은 서로 보면서 자위하는 거야. 다음..에...\"\r\n\"아~~~ 오빠... 좋..아... 이..것도..좋아... 너무 자극..적..이야...\"\r\n\"아~~ 지인아... 내 자지가 네 보지에 들어간 걸로 생각해...\"\r\n\"아! 오..오..오빠... 나..지인이..너무..좋아. 지금... 아~~ 아~~\"\r\n\"나도 좋아... 지인이 보면서 자위하니까..너..무 좋네.\"\r\n\"아..어떡해. 나, 나 느껴..지금... 아..나 한..한다... 나..나...\"\r\n\"좋아? 느껴? 계속..계속해. 더 빨리 보지를 쑤셔.\"\r\n\"아~~ 오..빠... 나 이런..기분 처..음...이야... 아~ 아~ 나 해.. 나..해.\"\r\n\r\n지인이 몸을 떨더니 딜도를 뺀다. 그녀의 보지에서 허연 애액이 주르르 흘렀다.\r\n\r\n\"아!! 지인아 너 쌌구나. 나도 싼다..아앗!\"\r\n난 지인의 배 위에 대고 마음껏 사정을 했다. 내 좆물이 지인의 얼굴까지 튀었다.\r\n\r\n난 지인의 옆에 누웠다. 지인이 내 품으로 들어온다.\r\n\"고마워, 오빠... 너무 좋았어. 이제 좀 창피할라구 그러네...\"\r\n\r\n난 지인의 입에 입을 맞추고 옷을 입기 시작했다.\r\n\"이건 시작이야. 다음에 기대해...나 간다.\"\r\n지인은 방문을 나가는 나에게 손을 흔들었다.\r\n\r\n이건 시작에 불과했다.'),(9,'집에 돌아온 나는 샤워를 하고 깊이 잠이 들었다.\r\n\r\n얼마나 잤을까... 아내의 수다스러운 전화 통화에 잠이 깼다.\r\n\r\n\"뭐야... 언제 왔어? 시험 끝났니?\"\r\n\"응, 오빠 글쎄 지영이 있지, 내 친구. 걔 우리 학교 돼서 곧 여기로 온대.\"\r\n\"그래? 잘됐네. 언제 오는데?\"\r\n\"응, 2주 후에. 그래서 아파트 알아봐 달라는데... 우리 아파트로 오라구 했어.\"\r\n\r\n지영... 아내의 꽤 친한 친구 중 하나. 부잣집 딸에 가슴이 충만하고 나름 색기 있는 얼굴이다. 본인은 애써 순진한 척하지만 난 지영이 끼가 있을 거라 생각한다.\r\n\r\n잘됐다. 한국에서 못 먹어본 애들 여기서 다 먹을 기회가 생기네.\r\n\r\n아내는 계속 지영과 수다를 떤다\r\n\r\n내 핸드폰이 울린다. 윙... 기호 와이프 지인이다.\r\n\r\n\"네... 지인이니?\"\r\n\"우리 기호 오빠 시험 끝났다는데 저녁 드시러 오라구요, 오빠.\"\r\n\r\n여우 같은 것. 아까 볼 거 다 보고 보여줄 거 다 보여주고 태연히 전화하기는...\r\n\r\n\"응. 알았어. 와이프 전화 끝나면 갈게.\"\r\n\r\n\"자기야, 지인이가 저녁 먹으러 오래.\"\r\n\"응.\"\r\n\r\n아내는 전화를 끊고 샤워를 시작한다.\r\n\r\n\"왜 샤워는 해? 옆집 가는데..\"\r\n\"그래도...\"\r\n\"뭐야... 너 기호한테 잘 보이려고 그러냐?\"\r\n\"뭐냐, 오빠는...\"\r\n\"왜, 오늘은 기호랑 한번 하게 기회줄까?\"\r\n\"뭐냐? 그럼 오빠는 지인이랑 할라구? 진짜루?\"\r\n\"뭐, 내가 아니라... 네가 기호랑 하면 짜릿할 것 같아서...\"\r\n\"해볼까? 오늘? 내가 기호 씨랑 하면? 오빠도 할라구?\"\r\n\"모르지, 뭐... 너가 기호랑 하면 나도 지인이 먹을지...\"\r\n\"치... 기호 씨랑 해버려야지.\"\r\n\"그래라.\"\r\n\r\n아내는 샤워를 마치고 검정 T팬티를 입는다. 진짜 할 생각인가?\r\n\r\n\r\n기호네 집에 왔다. 지인이 웃으며 우릴 맞이했다. 낮에 성욕을 해결해서 그런지 무지 밝아 보인다. 난 아내 몰래 지인의 엉덩이를 만졌다. 지인이 웃으며 손을 꼬집는다. 귀여운 것...\r\n\r\n우리는 전의 일은 없었다는 듯 밥을 먹고 얘기를 했다. 식사를 하고 지인이 양주를 내왔다. 아무도 거부하지 않고 천천히 마시며 학교 얘기를 했다.\r\n\r\n조금 술기운이 돌자 기호가 밖에 나가서 한잔 하자고 한다. 우리는 가까이 있는 조그만 바에 갔다. 그리 사람은 많이 없었지만 새로운 여자 바텐더가 있었다. 꽤 귀여운 백인 여자였다.이름은 스테파니.\r\n\r\n기호와 나는 스테파니와 이런저런 얘기를 주고 받고 지인과 아내는 둘이서 재밌게 얘기를 하고 있었다.\r\n\r\n기호와 난 스테파니와 금방 친해졌고 스테파니는 자기 남자친구를 소개 시켜준다며 남자친구를 불렀다.\r\n\r\n잠시 후 스테파니 남자친구 폴이 왔다. 꽤 핸섬하게 생겼다. 기호와 난 아내와 지인은 잊어버리고 스테파니와 폴과 신나게 술을 마셨다.\r\n\r\n어느새 2시가 됐다. 이제 문을 닫을 시간이란다. \r\n\r\n좀 아쉬웠는데, 폴과 스테파니가 자기 집에 가서 술을 더 먹잔다. 둘은 같이 산단다. 기호와 나는 아내와 지인을 설득해 폴네 집으로 같이 갔다.\r\n\r\n폴네 집에서 다시 술판이 벌어졌다. 아내와 지인도 이제는 재밌어한다. 그런데 폴의 행동을 보니 아내와 지인에게 꽤 관심이 있는 것 같았다.\r\n\r\n\"기호야. 폴이 우리 와이프들한테 마음이 있나 보다. 한번 줄까?\" \r\n\"그래? 난 스테파니랑 하고 싶은데...\"\r\n\"그럼 우리 폴 꼬셔서 바꿔서 해볼까?\"\r\n\"그럴까? 근데 괜찮을까?\"\r\n\"그냥 해보지, 뭐.\"\r\n\r\n기호와 나는 슬슬 야한 얘기를 했다. 스테파니와 폴도 자기들 만난 얘기부터 섹스 얘기까지 한다. 아내와 지인은 술에 취해 소파에 기대 잠이 들어 있었다.\r\n\r\n난 스테파니와 담배를 피우며 슬쩍 폴이 지인이랑 섹스하고 싶은 것 같다고 말했다. 스테파니는 아무렇지 않게 자기는 상관없다고 한다. 자기도 폴이 동양 여자랑 섹스하는 거 보고 싶단다.\r\n\r\n\"그럼 폴이 진(지인의 미국 이름)이랑 섹스하면 나랑 섹스할래?\"\r\n\"물론. 난 폴 앞에서 너와 섹스할 수 있어. 물론 쓰리섬도...\"\r\n\r\n스테파니는 장난스럽게 얘기하지만 진심 같기도 했다.\r\n\"좋아. 그럼 네가 폴한테 말하고 분위기 만들어봐.\"\r\n\"좋았어. 오늘 멋지게 놀아보자.\"\r\n\r\n스테파니는 안에 들어오자 폴에게 귓속말을 한다. 난 기호에게 스테파니와의 얘기를 했다.\r\n\r\n폴은 우리에게 미소를 보내며 지인과 아내가 잠들어 있는 소파로 갔다. 스테파니와 우리는 식탁에 앉아 폴을 주시하기 시작했다.\r\n\r\n폴이 바지를 내렸다. 축 처졌지만 엄청나게 큰 자지가 나왔다. 그리고 폴이 살며시 지인이 옆에 앉아서 지인을 자기에게 기대게 했다.지인은 깨지 않았다.\r\n\r\n폴은 한 손으로 가만히 지인의 가슴을 주물럭거리며 한 손으로 자기 자지를 만지기 시작했다. 기호는 계속 술을 마시며 그 광경을 보고 있었다.\r\n\r\n폴이 지인의 블라우스 단추를 다 풀자 지인의 흰색 브래지어가 드러났다. 폴은 브래지어 안에 손을 넣어 지인의 가슴을 만졌지만 지인은 일어나지 않았다.\r\n\r\n\"기호야, 너 형수 어때? 지난번에 하고 싶었지?\"\r\n\"......\"\r\n\"지금 가서 폴처럼 형수 만져 봐. 할 수 있으면 섹스해도 돼. 내가 책임질게.\"\r\n\"진짜?\"\r\n\"그럼. 빨리...\"\r\n\r\n기호가 일어서서 아내 옆으로 가서 앉는다. 폴의 한 손은 지인의 치마 속으로 들어가 있다.\r\n\r\n기호가 아내의 면티 속으로 손을 넣어 가슴을 만지기 시작했다. 내 자지는 벌써 불끈 솟아 있었다.\r\n\r\n옆에 있던 스테파니는 눈을 떼지 못한다. 난 슬그머니 스테파니 허벅지에 손을 올리고 문지르기 시작했다. 스테파니도 내 허벅지를 만지기 시작했다.\r\n\r\n난 스테파니와 키스를 했다. 키스를 하고 보니 폴은 지인의 가슴을 빨고 있었고 기호도 아내의 웃옷을 올리고 가슴을 빨고 있었다. 난 아내가 기호에게 가슴을 빨리는 걸 보니 무척 흥분이 되었다.\r\n\r\n난 스테파니에게 비디오를 찍어 보자고 했다. 스테파니가 비디오카메라를 가지고 왔고 내가 찍기 시작했다.\r\n\r\n이제 폴은 지인을 들어 바닥에 눕히고 팬티를 벗겨냈고 고개를 치마 속에 넣었다. 폴이 지인의 보지를 빨기 시작했다. 그때서야 지인이 눈을 떴다.\r\n\r\n\"어머, 뭐야...\"\r\n\r\n지인이 놀라 몸을 일으키려 했으나 폴이 두 팔로 누르고 있어 일어나지 못했다.\r\n\r\n\"뭐야. 안 돼. 나..싫어...\"\r\n지인은 소리치며 몸부림을 쳤다.\r\n\r\n그 순간 폴이 지인의 입에 자기 자지를 순간적으로 집어넣었다.\r\n\r\n\"헉!\"\r\n지인은 눈을 동그랗게 뜨고 비디오를 찍는 날 봤다. 난 눈을 찡긋하며 기호와 아내가 있는 쪽을 가리켰다.\r\n\r\n지인은 기호가 아내 가슴을 빨며 아내의 치마에 손을 넣은 모습을 봤다. 기호는 지금 정신없이 아내에게 집중하고 있었다. 아내는 인상을 약간 쓰고 있었지만 눈을 감고 있었다. 아내는 깨어 있는 것 같기도 했다.\r\n\r\n폴이 자지를 움직여 지인에게 빨게 하기 시작했다. 지인은 어쩔 수 없었는지 폴의 자지를 받아 주고 있었다. 난 모든 장면을 비디오에 담고 있었다.\r\n\r\n스테파니를 보니 한 손으론 자기 가슴을 주무르며 술을 먹고 있었다. 눈은 이쪽에 고정.\r\n\r\n폴의 큰 자지가 어느 정도 서자 지인의 입에서 자지를 뺐다.\r\n\r\n\"안 돼. 이제 그만... 이제 안 돼. 제발... 오빠..말려봐... 기호씨...\"\r\n지인이 말을 할 수 있게 되니 소리를 쳤다.\r\n\r\n기호는 더 이상 진도를 나가지 못하고 우물주물 아내의 보지를 만지며 자위를 하고 있었다. 아내가 눈을 떴다\r\n\r\n\"어머, 기호 씨. 이게..뭐..하는...\"\r\n아내가 몸을 추슬렀고 그순간 기호가 자기 손에 좆물을 뿜어댔다. (아시다시피 기호는 조금 조루다.)\r\n\r\n지인의 소리를 치자 폴도 더 이상 어찌하지 못하고 물러났다.\r\n\r\n그때 스테파니가 나에게로 다가오더니 내 바지를 순식간에 벗기고 내 자지를 빨기 시작했다.\r\n\r\n아내, 지인, 기호, 폴은 멍하니 나와 스테파니를 바라봤다. 난 비디오카메라를 내려놓고 스테파니의 머리를 쓰다듬으며 오럴을 받기 시작했다. \r\n\r\n스테파니의 오럴은 정말 환상이었다. 난 아내를 쳐다봤다. 아내는 놀란 눈으로 보고 있었고 풀어진 가슴을 잠그지 못했다.'),(10,'아침에 남편이 분주하게 손님을 만나기 위해 준비하는 소리에 눈을 떴어요. 오늘 오전 10시에 S 회사 해외 디자인 연구소 아시아 담당 팀장을 만나기로 했었거든요.\r\n\r\n전 그냥 누워서 일보러 나가는 남편을 보고만 있었죠. 남편은 제가 일어난 것도 모르고 나가기 위한 준비에 바빴지요.\r\n\r\n준비가 끝이 났는지 저를 보더군요. 깨어 있는 저와 눈이 마주치자, 미소를 지으며 더 자라고 했지요. 난 웃음으로 인사를 하고는 빨리 오시라고 했죠.\r\n\r\n잠시 후 남편은 나가고 저는 다시 잠을 잤어요.\r\n\r\n그렇게 더 잠을 자고 있는데, 어제 만난 언니한테서 전화가 왔어요. 잘 잤냐고 묻더군요.\r\n\r\n전 남편은 일찍 일보러 나가고 전 자고 있던 중이라고 했어요. 언니는 우리 방으로 온다고 했지요. 전 좀더 자고싶었지만, 그러라고 했어요.\r\n\r\n전 언니가 내려온다고 하길래 전화를 끊고 일어나, 욕실로 가서 대충 샤워를 하고 젖은 몸을 닦고 있는데, 언니가 문을 두드렸어요.\r\n\r\n전 속옷에 가운만 걸치고 문을 열어주었지요. 언니는 들어 오면서 반갑게 인사를 해왔어요. 오랜 시간을 알고 지낸 것 같이... 저도 인사를 했어요.\r\n\r\n전 언니에게 냉장고에서 주스를 한 잔 주고는 머리를 말리고 화장을 하려고 준비를 하는데 언니가 지금 자기는 가까운 곳에 마사지를 받으러 가는데 같이 가자고 하더군요.\r\n\r\n전 사양을 했어요. 남편이 언제 올 줄도 모르고...\r\n\r\n마사지야 한국에서 받으면 싸고 잘해주는데, 굳이 일본에서 비싼 돈 주고 할 필요가 없다고 생각했거든요. 그래서 전 싫다고 했지요.\r\n\r\n언니는 자기가 돈을 내준다고 했고 일본에서 유명한 곳이라 꼭 같이 가자고 했어요. 그리고 가찌하라상은 지금 자고 있는데 잠시 후에 친구가 오면 일 때문에 나가 저녁 5시가 되어 들어온다고 했어요.\r\n\r\n그리고 좀 전에 저한테 전화를 하고 혼자 있다고 해서 마사지실에 두 사람으로 예약을 했다고 했어요. 그리고 DC 쿠폰까지 보여주며 부담 갖지 말라고 했어요.\r\n\r\n전 어떻게 해야 할지 몰라 망설이고 있는데, 언니는 자기 휴대폰 번호까지 적어주며 이 메모를 프론트에 맡기면 남편이 전화를 하던가 호텔에 오면 남편에게 전화번호를 알려 주기 때문에 걱정하지 않아도 된다고 했어요.\r\n\r\n전 처음 만났지만 같은 한국 사람이고 친절하게 대해 주는 것이 고마워 그렇게 하자고 했어요.\r\n\r\n언니는 좋아하면서 가면 마사지를 받은 테니 화장을 하지 말라고 했어요. 그리고는 서둘러 일어나며 얼른 나가자고 재촉을 했어요.\r\n\r\n저는 밖이 더울 것 같아 나시티에 무릎까지 오는 바지를 입고 언니 뒤를 따랐어요.\r\n\r\n우리는 호텔 입구에 대기하고 있던 택시를 타고 목적지에 도착을 했어요.\r\n\r\n우리가 내린 곳은 아까사까에 있는 조그만 건물 앞이었어요.\r\n\r\n우린 건물 로비에서 엘리베이터를 타고 7층에서 내리니 이쁜 아가씨가 저희를 반겼어요. 언니는 이곳에 자주 오는지 잘 아는 사이 같았어요. \r\n\r\n언니와 저는 아가씨의 안내에 따라 조그만 방에 들어갔어요. 그 곳에는 침대가 두 개가 있었고 아주 좋은 냄새가 났어요.\r\n\r\n언니는 옷을 벗고 옷장에 있는 가운으로 갈아 입으라 하곤 언니는 먼저 옷을 벗고 가운으로 갈아 입었어요. 저도 언니와 같이 옷을 벗고 가운만 입었죠.\r\n\r\n전 언니를 따라 가운만 입고 밖으로 나가, 대기하고 있던 아가씨를 따라 윗층으로 올라갔어요. 거기는 여러 개의 조그마한 방이 있었어요. 언니와 저는 그 중 중간 즘에 있는 방에 들어갔어요. \r\n\r\n전 언니를 따라 가운을 벗어 옷걸이에 걸고 나무로 된 침대에 알몸으로 엎드렸어요.\r\n\r\n그 방은 아주 좁았어요. 대략 5평 정도? 아니, 더 적은 것 같았어요. 나무 침대가 두 개 있고, 나무로 만든 물통이 침대 옆에 하나씩 있었죠.\r\n\r\n좀 있으니 아가씨 두 명이 들어 왔어요. 그중 한 아가씨는 언니에게 아는 척을 했어요.\r\n\r\n아가씨 한 명이 저에게 바로 누워 머리 부분을 위쪽으로 더 올리라고 했어요. 전 말은 알아들었지만 이유는 몰랐어요. \r\n\r\n전 아가씨가 시키는 데로 몸을 위쪽으로 올렸는데, 아가씨는 제 머리를 잡고 머리가 침대 밖으로 되도록 더 올라오라는 것이었죠. 그리고는 목 밑에 푹신한 쿠숀을 넣어 주었어요. 전 그제서야 머리를 감아 주려고 하는 것을 알았어요.\r\n\r\n잠시 후, 두 아가씨는 언니와 제 머리를 샤워기로 씻어 주었어요. 그리고 수건으로 머리에 물기를 닦아주곤 새 수건으로 머리를 싸주었어요. 그리곤 엎드리게 했어요.\r\n\r\n아가씨는 엎드려 있는 저에게 샤워기로 물을 뿌리며 맨손으로 여기저기 닦아주곤 샤워기를 내려 놓고, 스폰지에 물비누를 짜서 거품을 내곤 제 등부터 닦아 주었어요. 무척이나 부드러웠어요.\r\n\r\n등을 다 닦았는지 허리를 지나 엉덩이를 닦아주었는데, 다리를 약간 벌리곤 항문까지 닦아 주더군요. 항문을 닦아 줄때는 기분이 좋았어요. ^^\r\n\r\n그리고 허벅지에서 발까지 다 해주곤 똑바로 누우라고 했죠.\r\n\r\n거의 언니와 속도가 비슷했어요. 시계를 보면서 하는지... (역시 일본 짠돌이)\r\n\r\n바로 누우니 전과 같이 스폰지로 온몸을 다 닦아주었어요. 그리고 샤워기로 비누 물을 씻어주었지요.\r\n\r\n몸에 비눗물을 다 씻어주고는 다시 엎드리라고 했어요. 그리고는 등쪽에 향기 좋은 오일을 발라주었지요.\r\n\r\n등에 오일을 다 발랐는지 손으로 마사지를 시작했어요. 목부터 시작하여 어깨, 허리 그리고 엉덩이까지...\r\n\r\n엉덩이를 마사지할 때는 너무 자극을 주어 몸이 이상해지기도 했어요. 오일이 묻은 손이 제 항문 부분을 스칠 때에는 찌릿하고 전기가 오는 것 같았어요.\r\n\r\n전 태연한 척하며 아가씨의 부드러운 손길을 감상하고 있는데, 아가씨는 바로 누우라고 했지요. 전 아쉬웠지만 시키는대로 바로 누웠어요.\r\n\r\n아가씨는 등에 할 때와는 다르게 제 앞면에 오일 병을 들고 오일을 부으며 한 손으로는흐르는 오일을 아깝다는 듯이 몸에 발라주었지요. 유방부터 시작하여 배 그리고 거기, 무릎까지요.\r\n\r\n몸에 오일을 다 발랐는지 오일 병을 테이블에 놓고 유방부터 마사지를 시작했어요. 손바닥으로 유방 전체를 누르듯이 돌리며 계속 반복을 했어요. 아가씨의 손가락이 가끔 유두를 건드리는데 묘한 기분이 들었지요.\r\n\r\n이렇게 몸 전체를 마사지를 다하고는 언니에게 뭐라고 하는 거에요. 어지간한 일본말은 다 알아듣는데 전 못 알아 들었어요. 언니는 통역은 안 해주고 저에게 웃으며 “모두 경험해 봐”하시고는 눈을 감고 아직 끝나지 않았는지 전면 마사지를 받고 있었어요.\r\n\r\n제 옆에 있던 아가씨는 갑자기 입고 있던 수영복 같은 가운을 벗고 자신의 몸에다 오일을 발랐어요. 전 속으로 뭘 하려하나 궁금했지요.\r\n\r\n그런데 갑자기 아가씨가 나무 침대 위로 올라오더니 제 몸 위에 엎드리는 것이에요. 전 놀라서 언니! 하고 불렀어요. 아가씨도 놀랐는지 주춤 하더군요. 언니는 괜찮아, 라고 하며 가만 있으라고 했어요.\r\n\r\n전 사실 기분이 좋지 않았어요. 레즈비언도 아니고... 하지만 호기심 때문에 언니가 시키는 데로 가만히 누워있었어요. \r\n\r\n그..그..그런데 이 아가씨가 미끄럼을 타듯이 제 몸 위에서 아래 위로 움직이며 비비는 거에요. 좀 황당하더군요. 좋은 감정은커녕 간지럽기만 했어요.\r\n\r\n그런데 아가씨가 일어나더니... 허걱~~~\r\n\r\n제 발쪽을 보며 엎드리더니 좀 전과 같이 제 몸에 몸을 비벼대는 거에요.\r\n\r\n그..런데 아가씨가 일부러 그러는지 아가씨의 유두가 제 아래 틈 사이를 건드리는 거에요 **;; 제 약점을 알기라도 한 듯이요. (붙이고 살든가 해야지)\r\n\r\n또한 참기 힘들었던 것은 아가씨의 억센 거기 털이 제 유두를 밀듯이 박~박~ 비벼대는데, 이런 상황에서도 쾌감이 있구나 싶더군요 --;;\r\n\r\n전 이러고 있으면 안될 거 같아, 그만 하라고 했어요. 이러다 뭔 일 내겠더군요.\r\n\r\n그만하라는 소리에 아가씨는 제 속을 안다는 듯이 미소를 지으며 내려 왔어요\r\n\r\n잠시 후 아가씨는 언니에게 뭐라고 묻는데 이번 말도 알아듣지 못했어요. 이번엔 언니가 통역을 하듯이 묻더군요.\r\n\r\n\"아래 털 정리 해준다는데... 어때?\"\r\n\"켁!!!!!!!!!!!!!!\"\r\n\r\n정말 별걸 다 해준다...하는 생각이 들더군요. 전 \"아니 싫어요\"하고 대답을 했어요.\r\n\r\n언니는 웃으며 아가씨들에게 뭐라고 하니 아가씨는 우리를 조그마한 의자에 앉으라고했어요. 각자 의자에 앉으니 아가씨는 샤워기를 들고 와 몸에 뭍은 오일을 닦아 주었어요.\r\n\r\n젖은 몸을 수건으로 대충 닦고 다시 가운으로 갈아 입은 뒤 아래 층으로 내려 왔지요.\r\n\r\n언니는 내려 오자 \"여기 누워\"하곤 침대에 가운을 벗고 먼저 누웠어요. 저도 언니를 따라 옷을 벗고 누웠지요.\r\n\r\n그런데 좀 전에 아가씨가 아니고 나이가 40대쯤 보이는 아주머니 두 분이 들어 왔어요.조그마한 박스에 여러가지 화장품을 가지고...\r\n\r\n아주머니는 제 얼굴을 스킨으로 닦고는 한국에서 얼굴 마사지를 받을 때와 같이 여러 번 얼굴에 뭘 바르고 닦고 반복을 했어요. \r\n\r\n그리고는 마지막인 듯이 끈적거리는 것을 바르고 코 부분만을 내놓고는 종이 같은 것으로 얼굴 전체를 덮었어요. 그리고 뜨거운 수건을 그 위에 올리고 수건 양끝 자락을 제 목뒤에 넣었어요.\r\n\r\n그리고 잠시 후...\r\n\r\n사람 움직이는 소리가 들리더니 제 옆에 온 것을 느낄 수 있었어요. 소리를 들어 보니 손에 뭘 바르는 것 같았어요. 잠시 후 제 목에 손을 대더니 안마를 시작 했어요. 한 손으로 머리를 들고 한 손으로 목을 만지는데 정말 시원하더군요. \r\n\r\n한참을 목 안마를 하더니 제 오른팔을 들고는 손가락 하나하나를 시작해서 손목을 지나 어깨까지 안마를 해 주었어요. 얼마나 시원 한지 잠도 충분이 자고 했는데…자고싶을 정도 였어요.\r\n\r\n그리고는 왼쪽 팔도 마찬가지로 안마를 해주었어요. 팔 안마가 끝이 났는지 차가운 스킨을 제 유두에 조금씩 부었어요. 양쪽에... 좀 전에 아가씨가 당황하게 해서 혹시 하는 생각도 들었지만 너무 시원하게 안마를 해주어서 편안하게 다음을 기다리고 있었지요.\r\n\r\n유두에 떨어진 스킨 한 줄기가 옆으로 흐른다고 느낄 때, 따듯한 손이 제 유방을 감싸며 유방을 부드럽게 만져 주었어요. 손길이 정말 부드럽더군요. 유두는 건드리지도 않고요.\r\n\r\n한참을 유방을 만지며 가끔은 둔덕 바로 위까지 쓰다듬어주었어요.\r\n\r\n전 원래 피부 관리에 신경을 많이 써서 여러 가지 방법으로 관리를 해왔는데, 전신 마사지는 가격이 비싸서 그리 투자는 못하고 있었거든요. 가끔 해봐야 좋아질 것 같지도 않고 그렇다고 비싼 걸 자주 할 수도 없고 해서요.\r\n\r\n그런데 언니 덕에 전신 마사지를 하게 되어 언니에게 고마웠어요.\r\n\r\n이제 가슴과 배는 다 했는지 발등에 스킨을 조금씩 부었어요. 양발에요. 그리고는 두 손으로 양 발을 시원하게 주물러주더군요. 발가락 하나하나까지요. 그리고는 양 종아리로 손을 옮기고는 종아리 아래 부분을 시원하게 해 주었어요. 전 안마사가 마법사 같다는 생각까지 들더군요. 정말 시원하였거든요.\r\n\r\n이제 다 끝이 났는지 제 몸에서 손을 떼고 발걸음 소리가 들렸어요. 점점 멀어져 갔지요. \r\n\r\n그런데 그 발소리가 다시 가까워 지는가 싶더니, 제 다리 하나를 침대 밖으로 미는 듯했어요. 그리고 제 무릎 안쪽에 조금한 쿠션을 넣었어요. 다른 다리도 같이요.\r\n\r\n누워 생각해도 좀 우스운 모양이었지요. 몸은 좁은 침대 위에 있고, 무릎 밑은 침대에 매달려 있듯 했어요. (이해가 갈까?)\r\n\r\n같은 여자 앞이라고는 하지만 좀 부끄러웠어요. 다리가 많이 벌어져야 했으니까요.\r\n\r\n전 그러고 있는데, 안마하던 사람이 제 다리 사이에 앉은 듯했어요. 그리고 잠시 후 스킨이 제 배꼽에 떨어지는 것을 느낄 수 있었어요. 스킨이 제 몸에 떨어지는 것이 끝날 쯤 두 손이 제 배를 여기저기 누르며 손바닥으로 돌리며 비벼주었어요. \r\n\r\n그리고 그 손은 제 양 허벅지 안쪽으로 이동을 하더니, 허벅지를 부지런히 주무르며 안마를 해주었어요..\r\n\r\n그러더니 그 손은 다시 허리를 숙이며 제 유방을 더듬었어요. 좀 전 보다는 강하게 주무르듯이... 그리고는 제 유두를 손가락으로 돌리듯이 만졌죠. 이건 안마나 마사지 차원이 아닌 애무를 하듯이요. 좀 이상한 생각은 들었지만 시원하단 생각 때문에 그냥 있었어요.\r\n\r\n그러나 유방과 유두를 계속해서 만져 주자 시원하다는 생각보다는 작은 쾌감이 몰려 오는 듯 했어요. 그리고 제 아래가 조금 촉촉해지는 것을 느낄 수 있었어요 ^^;;\r\n\r\n그 손은 이제 유방에서 허리를 간지르며 허벅지 안쪽으로 다시 왔어요. 무릎 쪽부터 주무르며 올라오더니 점점 제 깊은 곳으로 까지 왔어요. 그리고는 그 손은 제 깊은 곳 가까이의 허벅지를 만져 주었어요. 부드럽게... 일부러 그러는지는 모르지만 가끔씩은 손등이 제 속살을 건드렸어요. 그런데... 그 순간!!!!\r\n\r\n안마를 하던 사람이 잔기침을 하는데 그 소리가 분명 남자 같았어요. 분명히!!!!\r\n\r\n으~~~~~~~아~~~~~~~악~~~~~~~~~\r\n\r\n심장이 뛰기 시작 하더군요. 어찌 해야할지 정말 몰랐어요.\r\n\r\n일어나야 하는지... 아니면 모르는 척을...?\r\n\r\n이렇게 머리를 굴리고 있는데, 그 남자의 손바닥이 제 둔덕을 지긋이 누르며 서서히 돌려주는 거예요. 아직 어떻게 해야 할지 결정도 못 내리고 있는데요.\r\n\r\n제 둔덕을 누르며 돌리던 손이 멈추던가 싶더니 누른 상태로 약간 올리지 뭐예요 ㅜㅜ;; \r\n\r\n전 알고 있어요. 남편이 제 클리토리스를 애무할 때 항상 그렇게 하거든요. 이렇게 하면 제 큰 클리토리스가 더 크게 보이는 것을요.\r\n\r\n당황해 하면서도 전 아무 것도 할 수가 없었어요. 바보같이...\r\n\r\n잠시 후에 예상했던 것과 같이 제 클리토리스에 혀가 닿는 느낌이 들었어요. 제 클리토리스를 혀로 살살 핥아댔어요. 그리고는 밑에서부터 길게 핥기도 했고요. 전 신음소리를 내기 시작 했어요.\r\n\r\n그러면서도 일어 나야 한다고도 생각을 했지요. 이렇게 생각이 교체 할쯤 누가 제 얼굴에 수건을 벗기고 붙어 있던 종이를 들쳐 주었어요. \r\n\r\n하지만 전 눈을 그냥 감고 있었어요. 많이 부끄러웠거든요. 그런데 언니 목소리가 들렸어요.\r\n\r\n\"눈 떠봐”\r\n\r\n전 천천히 눈을 떴어요..\r\n\r\n그..런....데....... 제 아래를 핥아 주던 사람은 언니였어요. 그리고 제 얼굴에서 수건과 종이를 벗겨 준 사람은 아까 그 아줌마였구요.\r\n\r\n전 아무 말도 못하고 그냥 가만히 있었어요.어색 하기도 하고, 창피하기도 하고 해서요. \r\n\r\n그런데 언니는 저를 가만히 쳐다보다가, 허리를 숙이고 벗은 몸을 저에게 붙이며 키스를 하려는 듯 저에게 다가 왔어요. 저는 얼굴이 저에게 다가 오자 그냥 눈을 감았죠. 그리고는 저에 입술에 언니의 입술이 닿는 것을 느꼈어요. 언니는 입술만 붙이고 가만히 있다가, 혀를 제 입에 넣으려 듯이 혀로 제 입술 사이를 파고 들었어요. \r\n\r\n입술에 힘을 빼자 이내 제 치아에 언니에 혀가 닿은 것을 느꼈어요. 언니는 제 입술을 벌린 방법으로 다시 혀로 제 치아를 닦아주듯이 움직였죠. 전 입을 벌려 주었어요.\r\n\r\n언니에 혀는 제 혀를 만나려는 듯이 제 혀를 찾아 움직이더군요. 전 혀를 언니에게 주었어요. 언니는 제 혀를 조심히 당겨 언니에 입안으로 데려갔어요. 그리고는 제 혀를 맛을 보듯이 빨아주었어요.\r\n\r\n언니는 키스를 너무 잘했어요. 제 혀를 맛을 다 보았는지 다시 밀어 제 입에 넣어주고는 제 입에 언니에 혀를 밀어 넣었어요. 전 조심조심 언니에 혀를 빨아주었어요. 무척 달게 느껴 졌어요. \r\n\r\n전 아직 까지 눈을 뜨지 못하고 있었어요. 언니는 다시 저의 혀를 감아당기고 있었어요. 전 그 의도를 알고 저의 혀를 언니에게 넣어주었어요.\r\n\r\n언니는 제 혀를 몇번 맛을 보더니 혀를 놓아주고는 제 아래 입술을 빨아주었어요. 저도 언니에 윗입술을 같이 빨아 주었지요.\r\n\r\n제 입술에서 입을 띤 언니는 제 목으로 입술을 옮기며 목에 키스를 하며 애무를 해주었어요. 그리고 천천히 제 유방을 향하여 내려갔어요.\r\n\r\n저는 이상하게 언니가 좋았어요. 그리고 너무 조심스럽게 저를 대하여 주는 것이 고맙고 좋았어요. 언니는 참 부드러운 여자였어요.\r\n\r\n언니는 제 유두를 입안에 넣고 혀로 돌리며 유두를 즐겁게 해주었어요. 전 손을 내밀어 언니에 아담한 유방을 만져주었는데 느낌이 좋았어요. 어제도 보았지만 언니 유방은 정말 아름다웠어요.\r\n\r\n언니는 제 양쪽 유방을 옮겨 다니며 부드럽게 애무를 해주었어요. 처음으로 여자에게 받아보는 애무지만 전 잘 적응을 하고 있었어요.\r\n\r\n전 저도 모르게 언니의 목을 두 팔로 안고 있는 것을 알았죠. 새로운 감정이었어요.\r\n\r\n언니의 머리는 제 팔에서 빠져나가 제 배꼽을 혀로 애무를 해주었지요. 배꼽 속으로 혀를 넣을 듯이...\r\n\r\n그리고는 다시... 저의 아래에 입을 대었어요. 천천히 혀를 놀려 제 아래를 즐겁게 해주었어요. 무척이나 입김이 따듯했어요. 그리고 제 둔덕을 누르며 올리고는 제 클리토리스를 핥아주었어요.\r\n\r\n언니는 같은 여자라 어떻게 하면 여자가 좋아하는지 잘 알고 있는 것 같았어요. 남편보다도 더 잘해 주었어요.\r\n\r\n전 언니와 키스할 때부터 무척 흥분을 하고 있어서인지, 금방 사정할 것 같았어요. 저의 신음소리는 사정 시간이 임박해져오는 것을 알리듯이 점점 커지고 있었어요.\r\n\r\n순간... 언니가 제 클리토리스를 강하게 빨아 줄 무렵, 전 큰 소리를 내며 오르가즘을 느꼈어요.\r\n\r\n......\r\n\r\n거친 숨을 달래듯이 참으며 눈을 뜨고 언니를 보았어요.언니는 미소를 띄우며 저를 보았어요. 그리고는 \"좋았어?\"하고 물어왔어요.\r\n\r\n전 부끄러워 대답도 못하고 고개만 끄덕였어요. 언니는 한마디 더 하더군요.\r\n\r\n\"섹스에 너무 예민하다...\"하더군요. 전 또 한번 고개를 끄덕였어요.\r\n\r\n==============================\r\n\r\n에구, 독자님들께 거짓말을 하게 되었네요. 전 개인적으로 위에 적은 내용을 실제 경험을 했을 때 너무 떨리고 흥분이 되어서 자세하게 감정을 전하려다 보니, 이렇게 글이 늘어졌어요. \r\n\r\n전에도 말씀 드렸지만 타자가 너무 늦어서 지금까지의 글을 쓸려면 4시간 가까이 걸린답니다. 오늘은 쉬고 내일 언니 부부와의 스와핑을 쓰겠습니다. 죄송요 ^^\r\n\r\n제가 거짓말을 했다고 절 미워 하시거나, 추천을 안 눌러 주시면......\r\n\r\n매일밤 꿈에 나타나서 거기를 깨물어 줄 겁니다. 조심하세요...\r\n\r\n참!!!!!\r\n더 무서운 것도 있어요.이것은 남편을 통해 인체 실험을 마친 건데, 거의 죽음입니다. 이것을 알려주면 추천을 안 누를 수 없지용~~\r\n\r\n무엇이냐면요~~~~ 제 힘있는 중지 손가락을 팅~겨 두 개의 포도알을...\r\n\r\nㅎㅎㅎㅎ 조심하세요. 꼭 쥐고 주무세요. 안녕~'),(11,'언니와 저는 마사지실을 나와 호텔로 돌아왔지요. 돌아오는 길 택시 안에서 언니는 여러 이야기를 했어요.\r\n\r\n그중에서 섹스에 관해 특히 많은 말을 하더군요. 언니는 동성끼리 여러 번의 경험이 있다고 했어요. 그리고 남편 친구들과 스와핑 모임을 만들어서 부부 교환 섹스도 한다고 했지요.\r\n\r\n언니가 택시에서 섹스 이야기를 하자 전 택시 기사 눈치를 살폈어요. 하지만 일본이라는 생각을 하곤 혼자 웃었지요. 우리는 한국말로 했으니 기사 아저씨가 알아듣지 못하잖아요.\r\n\r\n전 스와핑에 대해 궁금은 했지만, 빙~~~말을 돌려 궁금한 것을 물어 보았지요. 언니는 여러 번의 경험 중에 기억에 남은 두 번의 이야기를 해 주었어요. 전 언니의 이야기를 들으며 세상에 정말 이런 일도 있구나 싶었어요. 제가 잠시 후에 경험을 하게 되는 것을 모르고요.\r\n\r\n언니와 저는 택시에서 내려 호텔에 들어가니 남편이 로비에 앉아 있었어요. 메모를 보았는데 금방 올 거 같아 전화를 하지 않았다고 했어요. 남편은 언니와 인사를 하고 남편과 저는 먼저 우리 방으로 올라왔어요.\r\n\r\n전 남편에게 언니와 있었던 일을 하나도 빼놓지 않고 다 이야기를 했어요. 그런데 남편은 별로 놀라지도 않고 웃으며 \"좋았겠네\" 하고는 별말을 안 하더군요. 저를 믿는 건지, 아니면 무관심인지... 전 기분이 별로 좋지 않아 따지듯이 물었어요.\r\n\r\n\"그럼 내가 다른 남자랑 섹스해도 괜찮아?\"\r\n\r\n남편은 웃으며 그런 뜻이 아니고 제가 판단해서 죄지은 것 같으면 죄를 지은 거고 그렇지 않다면 죄가 아니라고 생각을 한다더군요. 그리고 언니와 있었던 일을 자기한테 말을 한 것은 저 스스로가 죄라고 생각이 안 들었기 때문에 한 거라고 하더군요. 만약 남자가 제 몸을 애무했더라면 남편에게 숨겼을 거래요.\r\n\r\n들어보니 맞은 것 같기도 하고... 하지만 전 남편에게 아니라고 했어요. 만약 남자가 해 주었더라도 제가 모르는 상태였기 때문에 솔직하게 남편에게 말을 했을 거라고 우겨댔어요. 그때 감정으로는... 지금 생각을 해보면 남편 말이 맞을 수도 있는 것 같아요.\r\n\r\n그런데 갑자기 남편이 묻더군요. 어젯밤에 언니 부부와 같이 섹스를 했을 때 기분이 어땠느냐고요. 전 솔직히 대답을 했지요. 둘이서 할 때보다 더 많이 흥분이 되었다고요. 남편도 같다고 했어요. 그리고 남편은 오늘도 같이 하자고 했어요.\r\n\r\n전 그 말에 대답은 안 하고, 언니한테서 들은 스와핑 이야기를 해 주었어요. 이 말에는 남편이 꽤 놀라더군요. 남편은 어젯밤 일이 우연히 생긴 것이 아니고 분명 언니 부부의 계획이라고 말을 했어요. 저도 생각을 해보니 남편 말이 맞은 것 같았어요.\r\n\r\n전 좀 무서운 생각이 들었는데, 남편은 그 반대로 언니 부부와 스와핑을 해보자고 했지요. 전 싫다고 했어요, 무조건...\r\n\r\n그러자 남편은 그럼 어제와 같이 한방에서만 하고 파트너는 바꾸지 말자 하더군요. 처음에는 그것도 싫다고 했지만, 나중에는 그것까지만 허락을 했어요.\r\n\r\n이렇게 둘이 합의를 보고는 남편은 어제 잠이 부족했다고 잠을 잔다고 했어요. 남편이 잠이 든 후에 저도 잠이 들었어요.\r\n\r\n그렇게 단잠을 자고 있는데, 우리 잠을 깨운 것은 전화 벨소리였어요. 제가 먼저 일어나 전화를 받으니 언니였어요. 언니는 제게 묻지도 않고 얼른 내려오라고 했어요. 형부도 같이 있다고...\r\n\r\n형부? 형부? 좀 어색했어요. 형부라니...\r\n\r\n언니는 가까운 곳에 우에노 공원이라고 있는데 오늘 거기서 야시장을 한다고 구경 가자고 했어요. 전 남편에게 물어보지도 않고 알았다고 대답을 했어요. 대답을 하고 나니 남편에게 좀 미안하데요.\r\n\r\n남편은 전화 대화를 다 들은 사람처럼 침대에서 일어나 거울을 보며 외출 준비를 하였어요. 저도 오렌지색 원피스로 갈아입고 화장을 약간 고치고는 방을 나왔지요.\r\n\r\n로비에는 이미 언니와 가찌하라 상이 기다리고 있었어요. 남편은 눈인사만 하고는 방 열쇠를 프런트에 가져다주고 와서 가찌하라 상과 악수를 했어요. 둘은 무척이나 오랜 사이처럼 보이더군요. 저도 언니와 손을 잡고 수다를 떨며 호텔 밖으로 나와 택시를 타고 목적지인 우에노 공원에 도착을 했어요.\r\n\r\n공원에는 무척이나 많은 사람이 있었어요. 그리고 좌판이 끝도 없이 펼쳐져 있었고요. 저는 언니 손을 잡고 남편과 가찌하라 상은 저희 뒤를 따라오며 무슨 이야기인지는 모르지만 큰 소리로 웃기도 하면서 대화를 하였어요.\r\n\r\n네 사람은 군것질도 하며 기념될만한 물건도 사고 경치가 좋은 데서는 여러 장의 사진을 찍었어요.\r\n\r\n한참을 정신없이 다니다가 가찌하라 상이 시계를 보며, \"9시네. 저녁 먹으러 갑시다. 조금만 걸어가면 동경에서 제일 맛있는 스테이크집이 있어요. 값도 싸고 아주 괜찮아요.” 했지요.\r\n\r\n우리는 가찌하라 상을 따라 스테이크 집에 도착을 했어요. 거기는 다른 것은 팔지 않고 스테이크 하나만 팔았는데 40평 정도 되는 가게에 자리가 없을 정도로 많은 사람들이 있었어요.\r\n\r\n우리는 거기서 식사를 하면서 반주로 맥주 두 병을 마셨어요. 그런데 그 곳은 이야기를 하기에는 너무 시끄러워 식사를 마치고는 이내 밖으로 나왔어요.\r\n\r\n가찌하라 상은 어제 술을 마셨던 호텔 지하 바에 가자고 했어요. 그래서 우리는 호텔 바로 와서 어제 앉았던 자리에 앉아 양주와 맥주 몇 병을 시키고 안주는 간단한 것으로 시켰어요. 그리고 어제 일을 재현이라도 하듯이 폭탄주를 세 잔씩 하고 나서야 조용한 분위기가 되어 이야기를 시작했죠.\r\n\r\n먼저 입을 연 사람은 언니였어요. 언니는 가찌하라 상을 형부같이 생각하고 편하게 지내라고 했어요. 그리고 형부라 부르라고. 저는 알았다고 대답을 했지요.\r\n\r\n제가 대답을 하자 가찌하라 상은 크게 웃으며 처제가 생겼다고 좋아했어요. 그리고는 저보고 형부라고 한번 해보라고 했어요. 전 좀 쑥스러웠지만 술 힘을 빌려 \"혀~엉~부\"라고 했어요.\r\n\r\n가찌하라 상은 주머니에서 무엇을 꺼내며 \"형부가 주는 선물이야\" 하며 예쁘게 포장된 작은 상자를 주었어요. 전 받지 못하고 있는데 언니가 얼른 받으라고 해서 고맙다는 인사를 하며 선물을 받았어요. \r\n\r\n전 그 자리에서 포장지를 열어보았어요. 안에는 나무로 만든 목걸이와 귀걸이였어요. 무척 예뻤어요. 수제품이라고 했어요. 그리고 꽤 비싸 보였고요. 언니가 좋아하는 것이라 같은 것으로 산 거래요.\r\n\r\n남편은 저보고 지금 해보라고 했어요. 목걸이와 귀걸이를 하니 언니와 가찌하라 상은 너무 잘 어울린다고 칭찬을 아끼지 않았어요. 남편도... \r\n\r\n잠시 분위기가 가라앉을 때쯤 언니는 가찌하라 상에게 오늘 낮의 일을 말했다고 했어요. 전 얼굴이 화끈거리더군요. 언니는 그 말을 하고는 제 남편 눈치를 살피는 것 같았어요.\r\n\r\n순간 남편은 웃으며 “저도 들었어요” 하더군요. 저는 부끄러워 고개를 숙이고 있는데 가찌하라 상은 부끄러운 일이 아닌데, 하며 괜찮다고 했지요.\r\n\r\n이 대화를 시작으로 섹스에 대하여 많은 대화를 하였어요. 그리고는 12시가 다 되어 언니 방으로 올라갔어요. 우리는 다 취해 있었어요. 특히 남편과 가찌하라 상은...\r\n\r\n언니는 방에 들어 오자마자 포르노를 틀었어요. 그리고는 술을 많이 마셨다고 맥주만 몇 병 가지고 왔어요. 그리고 모두 건배를 하고는 무거운 분위기로 긴 쇼파에 모두 앉아 포르노를 보았어요.\r\n\r\n조금 시간이 흘렀을 때 가찌하라 상은 언니 손을 잡고 샤워를 한다며 일어섰어요. 두 사람은 잠시 후에 샤워를 마치고 팬티에 같은 색의 난방만 걸치고 나왔어요. 그리고는 저희도 씻으라고 해서 전 조금 불편해서 우리 방에서 씻고 온다고 했어요. 속옷도 없고... 하지만 언니는 불편해하지 말고 여기서 씻으라고 했어요. 남편도 그러자고 했어요. \r\n\r\n저와 남편은 욕실에 들어가서 옷을 벗고 샤워를 했어요. 둘은 별말을 하지 않았어요. 남편과 저는 샤워를 마치고 옷을 입으려고 보니 제 팬티가 바닥에 떨어져 젖어있었어요. 전 세면대에 빨아 다시 입으려고 했는데, 남편은 그냥 원피스만 입으라고 했어요. 저도 축축한 것을 입기가 불편할 거 같아 물기를 꽉 짜서 남편 바지 주머니에 넣고 욕실 밖으로 나왔어요. \r\n\r\n가찌하라 상은 언니의 윗옷 단추를 다 푸르고 언니의 가슴을 만지며 포르노를 보고 있었어요. 전 언니 옆에 조심스럽게 앉았어요. 언니는 제가 옆에 앉자 제 손을 잡았어요. 남편은 서서히 제 원피스 뒤 자크를 내리고는 브라자 후크를 풀었어요. 그리고는 옷을 뒤에서부터 벗겨 상반신이 다 노출되었어요.\r\n\r\n전 좀 부끄러워 두 유방을 팔짱을 끼워 가렸어요. 순간 언니는 일어서더니 팬티를 벗고 자리에 걸터앉고는 다리를 벌리자 가찌하라 상은 언니 아래에 얼굴을 묻고는 핥기 시작을 했어요. 어제도 보았지만 가찌하라 상이 언니의 아래를 소리 나게 핥는 것을 보자 제 아래에도 뭔가가 흐르는 느낌이 들었어요.\r\n\r\n남편은 가찌하라 상을 흉내를 내듯이 제 앞에 앉아 원피스를 밑으로 내려 옷을 다 벗기고는 제 아래를 핥아 주었어요. 언니는 쾌감을 못 이기듯이 제 손을 꽉 잡아왔어요. 순간 저도 언니 손을 꽉 잡아 주었지요.\r\n\r\n남편은 여느 때와 같이 제 갈라진 틈으로 혀를 아래위로 부지런히 움직여가며 저를 흥분으로 몰아가고 있었지요. 두 손으로는 연신 제 유방을 주무르며...\r\n\r\n방에는 저와 언니의 신음소리가 울려 퍼져갔고 두 남자의 아래를 핥는 소리도 한몫을 했어요. 특히 가찌하라 상은 일부러 그러는지 언니의 아래를 쪽쪽 큰 소리를 내면서 빨아 주었어요. 그리고는 잠시 후 언니를 등받이 쪽을 보며 엎드리게 시켰어요. 그리고는 언니의 아래를 뒤에서 핥아주었어요.\r\n\r\n남편 또한 흉내를 내듯이 저도 언니와 같은 모습이 되도록 시켰어요. 남편은 제 아래를 손으로 벌리고 혀를 길게 넣어 구멍 입구를 핥아 주었어요. 다리 사이로 한 손을 넣어 유방을 번갈아가며 주무르며...\r\n\r\n전 남편의 애무와 흥분되는 분위기를 즐기기라도 하듯이 신음소리를 내며 눈을 감고 음미를 하고 있었는데, 쇼파에 움직임이 이상해서 언니를 보니 언니는 무릎으로 걸어 저에게 가까이 왔어요.\r\n\r\n그리고 미소를 짓더군요. 그리고 한 손을 들어 제 뒤통수를 잡더니 저에게 키스를 해 왔어요. 전 최면에 걸린 듯이 제 입에 들어온 언니의 부드러운 혀를 제 혀로 감으며 빨아주었어요.\r\n\r\n한참을 빨아주다가 제 혀를 언니 입속에 넣어주니 언니는 제 혀를 살짝 깨물어주면서 빨아주었지요. 제 손은 저도 모르게 언니의 유방을 만지고 있었어요. 또 느꼈지만 언니의 유방은 정말 예쁘고 탄력이 좋았어요.\r\n\r\n남편은 제가 클리토리스를 빨아주면 금방 오르가즘을 느끼는 것을 알아서인지 오늘은 다른 부분만을 빨고 핥아 주었어요. 순간 남편은 제 유방을 만지던 손을 다리 사이로 빼더니, 제 아래를 두 손으로 더 벌리고는 혀를 깊이 넣어 보지 안을 휘저었어요. 물이 엄청 흐르는 것을 느낄 수 있었어요. 많이, 많이...\r\n\r\n그 순간, 가찌하라 상이 제 유방을 만지려는 듯이 제 유방 쪽으로 왼손이 다가 왔어요.\r\n\r\n그...그...그런..데... 그 손은 남편 손이었어요. 왼손가락에 껴있는 반지는 저와 같이한 커플링이었어요. 그렇다면 언제부터 가찌하라 상이 제 보지 안을 혀로 휘저었단 말인가요. 그리고 남편은 지금까지 언니의 아래를 핥고 있었다니... 전 무척이나 당황스러웠어요.\r\n\r\n언니는 내가 당황스러워하는 것을 눈치를 챘는지 제 입에서 얼굴을 떼고 절 쳐다보며 고개를 끄덕였어요. 별거 아니라는 듯이... 그리고는 미소를... 전 머리가 혼란스러웠어요. \r\n\r\n그 순간, 아~~~~~ 가찌하라 상은 저의 약점인 제 클리토리스를 빨아 주었어요. 입술로 클리토리스를 물고 혀끝으로 핥아주었어요. 전 다시 이성을 잃고, 아니, 잊으려고 했는지는 모르지만 다시 쾌감을 느끼고 있었어요. \r\n\r\n또한 남편이 언니의 아래를 핥아 데는 모습을 보니 질투보다는 더 큰 흥분이 몰려 왔어요. 제 아래는 새로운 흥분으로 다시 물이 차올랐고요. 그 물을 가찌하라 상은 소리를 내며 맛있게 핥아댔어요.\r\n\r\n눈을 뜨지도 못하고 괴로운 듯하고 있는데 언니는 허리를 약간 세워 제 입에 유두를 넣어 주었어요. 전 아무런 생각도 없이 언니의 유두를 빨아 주었어요. 저 또한 여자라 남편이 제 유두를 애무할 때 어떻게 해 주었을 때가 좋았는지를 생각하며 그렇게 해 주었어요. 언니는 제가 유두를 빨아 주자 점점 신음소리를 크게 냈어요.\r\n\r\n그때 가찌하라 상이 제 아래에서 입을 떼고 언니 쪽으로 가자, 남편은 저에게 다시 왔어요. 그리고 남편은 일어서서 성기를 제 아래에 넣었어요.\r\n\r\n가찌하라 상도 언니의 갈라진 틈에 성기를 넣었어요. 두 사람은 곧 앞뒤로 움직이며 열심히 흔들어 대었어요. 남편은 금방 사정할 것 같은지 손을 내려 제 클리토리스를 비벼 대며 뒤에서 계속 밀어붙였어요. 전 오르가즘이 오는 것을 느끼며 등받이를 두 손으로 꼭 쥐고 몸을 떨며 오르가즘을 느꼈어요. 큰 신음소리를 내며... 순간 언니도 오르가즘을 느끼는 것 같았어요.\r\n\r\n남편은 아직 사정을 안하고 오르가즘을 느끼고 있는 저에게 아직까지 뒤에서 하고 있었어요. 순간, 제 몸에서 성기를 빼었어요. 전 등받이에 얼굴을 묻고 거친 숨을 토해 내고 있었지요. 전 남편에 성기가 빠져나가자 제 등에 사정을 하는 줄 알았어요. 그런데 다시 또 들어오는 거예요.\r\n\r\n그런데 느낌이 이상했어요. 남편 것은 제 몸에 들어오면 꽉 차는 느낌이 드는데 좀 헐거운 듯했거든요. 고개를 들어 돌리려는 순간, 남편이 언니 뒤에 서서 언니의 갈라진 틈에 박아대고 있었어요.\r\n\r\n전 제 뒤에 가찌하라 상인 줄 알면서도 확인이라도 하듯이 고개를 돌려 보니 가찌하라 상은 눈을 감고 제 아래에 성기를 넣고는 앞뒤로 열심이 움직였어요.\r\n\r\n순간 전 다시 흥분이 몰려 왔어요. 태어나서 남편이 첫 남자였고 결혼 후에도 다른 남자하고는 한 번도 섹스를 안 했었거든요. 그런데 다른 남자가 제 아래에 성기를 넣었다고 생각해서인지 곧바로 흥분이 몰려 왔어요. 좀 전보다 더 강하게...\r\n\r\n그리고 제가 보는 앞에서 남편이 언니의 갈라진 틈에 성기를 넣고 움직이는 것을 보니 더더욱 미칠 것만 같았어요. 전 또 오기 시작했어요. 오르가즘이... 이번에는 더 큰 소리를 지르며 오르가즘에 쾌감을 느꼈어요.\r\n\r\n가찌하라 상은 성기를 제 몸에서 꺼내더니 옆으로 가서 언니 입에 성기를 넣고 흔들었어요. 언니는 고개를 돌리고 가찌하라 상의 성기를 물고 볼이 들어갈 정도로 빨아 주었어요.\r\n\r\n순간 가찌하라 상은 으~~~하는 소리를 내며 언니 입에다 사정을 하는 것 같았어요. 언니는 입에 들어온 정액을 다 마시는 듯 보였어요. 남편도 몸을 빨리 움직이는 것이 사정할 때가 된 것 같았어요.\r\n\r\n순간 언니는 얼른 돌아앉아 남편의 성기를 흔들며 입을 벌려 주었어요. 전 그런 모습을 보며 놀랐어요. 마침 남편의 성기에서 힘차게 정액이 나왔어요. 처음 나온 정액은 언니 얼굴에 묻었고 언니가 남편의 성기를 다시 입 쪽으로 잡자 나머지부터는 언니 입으로 들어갔어요. 언니는 남편이 사정을 마치자 입에 있던 정액을 삼키고는 남편의 성기를 깨끗이 입으로 빨아 닦아주었지요.\r\n\r\n전 그런 모습을 넋 나간 사람처럼 시켜 보았어요. 남편은 힘이 드는지 제 옆에 와서는 풀썩 앉았어요. 그리고 거친 숨을 쉬며 천장을 바라보았어요. \r\n\r\n쇼파에서 일어선 가찌하라 상은 저에게 손을 내밀었어요. 전 무슨 영문도 인지도 모르고 저도 손을 내밀었어요. 가찌하라 상은 제 손을 잡더니 저를 일으켜 세웠지요.\r\n\r\n제가 일어서니 저를 욕실 쪽으로 당겼어요. 전 힘없이 따라 들어갔어요. 가찌하라 상은 제가 부끄러워할까 봐 욕실 불을 끄고 문은 조금 열어 두었어요. 그리고 샤워기에서 물이 나오자 온도를 맞추고 제 몸에 물을 뿌렸어요. 그리고 손으로 제 몸을 닦아 주었어요. \r\n\r\n비누를 잡더니 유방하고 아래에만 비누칠을 한 다음, 다시 샤워기로 비눗물을 닦아주었어요. 자신도 물로만 몸을 닦고 제 몸을 수건으로 물기를 닦더니 제 다리 하나를 욕조에 걸치게 하고, 쭈그리고 앉아 제 아래를 다시 핥기 시작을 했어요. 가찌하라 상의 침으로 제 아래가 다시 젖었어요. 제 아래에 침을 발라 적셔놓고는 저를 욕조를 잡고 엎드리게 했어요.\r\n\r\n전 힘이 들었지만 거절도 못하고 시키는 데로 욕조를 잡고는 엉덩이를 뒤로 빼주었어요.\r\n\r\n하지만 고개를 숙여 가찌하라 상의 성기를 보았는데 힘이 다 빠져 더 작아 보였어요. 제 새끼손가락 만했어요. 그 말랑말랑한 성기로 제 아래에 비벼댔어요.\r\n\r\n잠시 후 작은 성기에 힘이 들어갔을 때쯤 성기를 잡고 제 아래에 넣었죠. 그러나 힘이 덜 들어갔는지 자꾸 빠졌어요. 엎드려 가찌하라 상의 힘이 없어 자꾸 빠지는 성기를 보자 웃음이 나왔고 성기가 귀엽게 느껴졌어요. 이젠 힘이 좀 더 들어갔는지 제 안에 들어온 성기는 제 아래 벽을 조금씩 부딪치며 움직였어요.\r\n\r\n아쉬웠나 봐요. 가찌하라 상은 처음부터 빠르게 움직였어요. 그리고는 곧 제 안에서 성기를 꺼내어 제 등에 사정을 했어요. \r\n\r\n이번에는 제가 샤워기를 들고 제 몸을 먼저 닦았어요. 그리고 샤워기를 주었어요.\r\n\r\n가찌하라 상은 \"처제 고마워\"하며 샤워기를 받아 쥐었어요. \r\n\r\n전 먼저 욕실을 나와 보니, 남편은 쇼파에 기대어 앉아있고 언니는 다리를 벌리고 남편을 마주 보며 앉아 연신 방아를 찧듯이 움직였어요. 남편은 언니의 유방을 만지며 입으로는 다른 유방을 물고 제가 나온 줄도 모르고 섹스에 정신이 없었어요.\r\n\r\n잠시 후 언니는 \"나 해요\"라고 하며 남편의 머리를 안았어요. 남편도 언니 안에 사정을 하는지 언니를 꽉 안더군요. 언니는 몇 분간을 그러고 있다가 일어서며 저를 보고는 그냥 미소만 지었어요. 남편도 저를 보며 미소를 지었고요.\r\n\r\n전 일어서는 언니 허벅지 안쪽에서 금방 남편이 사정한 정액이 흐르는 것을 보았어요. 언니는 남편의 성기가 좋은지 허리를 숙여 남편의 성기를 빨아 닦아주고는 욕실로 들어갔어요. \r\n\r\n이 일이 제가 우연하게 시작한 스와핑 경험입니다.\r\n\r\n\r\n====================\r\n\r\n\r\n지난 일을 회상하며 쓰는데 제 몸이 이상해지네요, 쓰면 쓸수록...\r\n마치 지금 그 때의 일이 눈앞에서 벌어지는 듯이요.\r\n웃긴 일이지만 3페이지 정도 써내려갈 때에는 제 아래가 촉촉해졌어요.\r\n마저 쓰고 닦으려고 미루다 보니 지금은...  ^^;;\r\n\r\nㅎㅎㅎㅎㅎ 너무 많은 분들이 읽어 주셔서 감사하고요.\r\n\r\n읽으시고 추천 안 누르신 분은 약속대로 조심하세요.\r\n제가 볼링을 좀 해서 중지의 힘이 장난 아닙니다.\r\n이걸로 포도알을 튕기면 거의 남자 구실은 못할 건데...\r\n추천 안 누르신 분은 오늘 밤부터 꼭 쥐고 주무시길 부탁 드립니다.\r\n\r\n다음 편은 부산에 원정 간 이야기입니다.\r\n\r\n행복하시고, 즐겁게 읽어주세요. 감사합니다... 안녕...'),(12,'우리 부부는 그렇게 일본에서 우연히 스와핑 경험을 가졌어요. 아주 우연히...\r\n\r\n평상시 같으면 저에게는 무척 충격적인 일이었지만 남편의 도움으로 별 문제가 없었어요.\r\n\r\n돌아오는 날, 언니 내외는 우리를 공항까지 마중을 해 주었고 언니는 저에게 시계까지 선물을 해주었고 저도 언니에게 핸드백을 선물했어요.\r\n\r\n가찌하라 상은 남편에게 절 많이 사랑해주라고 당부까지 했어요. 그리고 시간 내서 한국에 오겠다고 했어요. 남편은 꼭 오라고 했고 언제부터인지 남편은 가찌하라 상을 형님이라고 불렀어요. (남자들 농담 중에 구멍 동서라 하더니 바로 형님이라고 하네^^)\r\n\r\n웃~~~~~~~~~~~~겨\r\n\r\n남편과 저는 한국에 돌아와 별일 없이 잘 지내고 있던 어느 날. 일본 언니에게 전화가 왔어요. 무척이나 반가웠어요. 서로 안부를 묻고 수다를 떨다가 언니는 저에게 묻더군요. 혹시 남편과 별일 없었냐구요. 그 뜻은 아마 일본에서 갑작스럽게 스와핑을 경험해서 혹시 남편과의 불화를 걱정하는 듯했어요. 전 그전과 다르지 않게 지냈다고 말해 주었지요. 언니는 아주 좋아했어요. 두 분이서 걱정을 많이 했다고 하더군요.\r\n\r\n아마 오늘 가찌하라 상도 남편에게 전화를 했을 거래요. 우리가 한국으로 떠나고 가찌하라 상도 남편하고 정이 들어 많이 섭섭해 했다고 했어요. 남편 같은 친동생 하나 있었으면 하드래요.\r\n\r\n한참을 수다를 떨다가 언니는 하나 물어볼 게 있다고 했죠. 뭐냐고 물어보니 약간 망설이는 듯하다가 오해 말고 들으라 했어요.\r\n\r\n부산에 사는 어떤 부부를 아는데 3개월에 한 번 정도 일본에 와서 언니 부부랑 스와핑을 즐긴대요. 너무 좋은 사람들이고 남자는 변호사라고 했어요. 그리고 부인도 무척 미인이라고 했지요. 전 별생각이 없다고 했어요. 전 한 번의 경험으로 만족하고 싶었어요. \r\n\r\n언니는 아마 가찌하라 상이 남편에게도 말를 했을 거라며 잘 의논해서 판단을 하라고 했어요. 얼마 전 부산에 사시는 분들이 언니네 집으로 안부 전화를 했었대요.\r\n\r\n마침 언니 부부가 같이 있을 때였는데 가찌하라 상이 정말 좋은 사람들을 알고 있다고 하니 소개를 해 달라고 했대요. 그래서 가찌하라 상은 우리 뜻을 먼저 알아보고 나서 소개를 해준다고 했었나 봐요.\r\n\r\n그런데 그 이후로 전화를 매일 같이 해 우리 부부를 소개를 시켜달라고 했대요. 그래서 안부도 궁금하고 저희 뜻도 알 겸해서 전화를 했대요.\r\n\r\n전 언니와 전화를 끊고 생각을 해보았어요. 하지만 아니다 싶더군요. 물론 호기심은 있었지만, 그래도 자꾸 하면 안 될 거 같았어요. 만약 남편이 와서 스와핑 제의를 하면 반대를 하려고 마음을 먹고 있었을 때 남편에게 전화가 왔어요.\r\n\r\n오늘 여수에 출장이 있다고 같이 가자고 했어요.\r\n\r\n순천 공단의 한 회사에서 기계를 수입한다고 남편에게 부탁을 해왔대요. 그래서 갑자기 출장을 가게 되었다고 했어요. 기차를 타고 가자고 했어요. 전 집이 분당이라 그럼 어떻게 준비를 해야 하냐고 물으니 남편은 저녁 8시까지 서울역으로 오라고 하더군요.\r\n\r\n전 아이를 어머니께 맡기고 서둘러 준비를 마치고 서울역으로 향했어요. 주말 오후라 그런지 시내는 한가했는데 서울역은 무척이나 붐비고 있었어요.\r\n\r\n전 역전 대합실에서 남편을 만날 수 있었어요. 남편은 제 손을 끌며 밑에 포장마차 가서 소주 한잔 하자고 했어요. 전 남편을 따라가며 몇 시 기차냐고 물어보니 9시 40분 기차라고 했어요. 그리고 침대칸이라고 했지요. 전 침대 열차는 처음 타는 거라 몇 가지 궁금한 것을 물어보며 포장마차에 도착했어요. 남편은 꼼장어와 소주를 한 병 시키고 저보고는 무엇을 먹을 거냐고 묻길래 전 매운 것이 먹고 싶어 고추장 양념을 한 오돌뼈를 시켰지요. 남편은 저에게 한 잔을 따라주며 자신도 한 잔을 따라 잔을 부딪치고 한숨에 마셨어요.\r\n\r\n남편은 역전 앞 포장마차에서 마시는 소주가 제일 맛있다고 하더군요. 전 웃으며 반 잔을 마셨어요. 역시 소주는 쓰대요. --;; 남편은 금세 한 병을 비우고 한 병 더 시켰어요. 전 그만하라고 했지만 남편은 반만 마신다며 제 말을 듣지 않았어요.\r\n\r\n남편은 두 병을 거의 마실 때쯤 아주머니에게 소주 한 병과 먹다가 남은 안주를 싸달라고 했어요. 아주머니는 서둘러 안주를 먼저 싸고는 차가운 소주를 봉투에 담아 주었어요. 그리고 종이컵하고요. \r\n\r\n전 남편의 손을 잡고 기차를 타기 위해 승차장으로 갔지요. 벌써 많은 사람들이 기차를 타기 위해 줄을 길게 서 있었어요.\r\n\r\n잠시 후 안내 방송이 나오고 역무원 아저씨가 표를 받으며 사람들을 안으로 들여 보내기 시작을 했어요. 남편은 출장을 많이 다녀서 그런지 행동이 무척이나 세련되어 보였어요.\r\n\r\n남편은 침대칸은 제일 뒤라고 하며 열차 호수도 보지 않고는 기차 맨 마지막 칸으로 걸어갔지요. 침대칸은 남편 말대로 제일 뒤였어요. 우리는 열차에 들어가서 좁은 통로를 걸으며 저희 자리를 찾았어요.\r\n\r\n우리 자리는 끝에서 두 번째 양쪽 1층이었어요. 남편은 가방에서 신문을 꺼내더니 저보고 지갑만 꺼내 들고 가방은 침대 위에 놓고 따라오라고 했지요.\r\n\r\n전 어디를 가나 궁금하게 생각을 하며 남편 뒤를 따랐는데, 남편은 기차 끝에 문을 열고 나갔어요. 저도 뒤를 따라가 보니 기차 맨 마지막이었어요.\r\n\r\n그곳은 지붕과 옆은 막혀 있지만 뒤에는 뚫려 있어서 밖에 시원한 공기를 마실 수 있었어요. 남편은 그러더군요. 예전에 출장 다닐 때 직장 동료들과 이 자리에서 술을 많이 마셔 보았다고...\r\n\r\n전 남편을 알다가도 모를 때가 많았어요. 여기가 무엇이 좋다고... 하지만 전 잠시 후 이곳이 무척 낭만적인 곳이라는 것을 알게 되었지요.\r\n\r\n기차는 갑자기 덜컹대며 서서히 움직이기 시작을 했어요. 전 영화에서 본 것처럼 뒤쪽 난간을 잡고 점점 멀어지는 플랫폼을 보니 갑자기 아무에게나 손을 흔들고 싶어졌어요. \r\n\r\n순간 깃발을 흔들며 기차를 보내는 역무원 아저씨를 보며 아저씨~하고 불렀어요. 아저씨는 저를 보고는 웃으며 들어가라고 손짓을 했지요. 전 그런 아저씨께 손을 흔들어 주었어요. 아주, 아주 힘차게. 남편은 그냥 웃으며 저를 바라보았지요.\r\n\r\n점점 기차는 속력을 내서 힘차게 달리고 있었어요. 남편은 위험하다며 안쪽으로 와서 앉으라며 신문지를 꺼내어 펼쳤어요. 전 남편이 깔아놓은 신문지에 앉았지요 .\r\n\r\n자상한 남편을 보며 참 귀엽다는 생각이 들더군요. 짜~~~식~~~~\r\n\r\n남편은 가방에서 소주와 먹다가 남은 안주를 꺼내어 신문지에 올려놓았어요. 남편은 종이컵에 소주를 한 잔 따르더니 단숨에 마시고는 캬~~~~~하고 큰 소리를 내었어요. 하지만 기차 달리는 소리 때문에 작게 들렸어요. 전 갑자기 소주를 한잔 하고 싶다는 생각이 들었어요. 그래서 전 잔을 들고 \"나두\" 하며 손을 내밀었어요. 남편은 그냥 미소를 지으며 한 잔을 따라주고는 자기 잔에도 술을 부었어요. 남편은 술병을 바닥에 놓더니. \"?수 엄마 사랑해\" 하더군요.\r\n\r\n참 여자는 우스운 것 같아요. 뭐, 그 말이 대단하다고 남편이 갑자기 사랑한다고 하니, 눈물이 핑 돌지 뭐예요. 전 조금 쑥스러워 \"나두 사랑해\"라고 대답을 해주었어요. \r\n\r\n하지만 들리지 않을 것 같아 큰 소리로 대답을 했어요. \r\n\r\n그날따라 남편은 지난 이야기를 많이 했어요. 결혼 전부터 지금까지 살면서 있었던 기억에 남을 만한 이야기를 했어요. 그리고 남편은 오늘 가찌하라 상한테 전화가 왔다고 했어요. 전화내용을 이야기하는데 낮에 언니에게 들은 것과 똑같은 이야기를 하더군요. \r\n\r\n전 남편을 바라보며 물어봤어요. \"당신 하고 싶지?\" 남편은 \"조금\" 그러더군요.\r\n\r\n전 싫다고 했어요. 우연히 처음은 하게 되었지만 스와핑을 하기 위해 사람을 만난다고 생각하니 좀 안 좋은 생각이 들었거든요. 솔직히 말하자면, 일본에 있는 언니네와 한다면 할 용기는 있었어요. \r\n\r\n사실 그때 경험 후에 남편이랑 할 때 가끔은 그때 생각이 났었거든요. \r\n\r\n사실 제가 다른 남자랑 해서 흥분을 한 것보다 남편이 언니랑 할 때 옆에서 지켜보는 것이 더 흥분이 되었어요. 남편은 빈 잔에 술을 채우고 말했어요. 제가 원하지 않는다면 하지 말자고요. 전 그냥 고맙다고 했어요.\r\n\r\n그 후 남편은 남은 술을 다 마시고는 빈 병과 남은 안주를 비닐 봉투에 담아 자기 가방에 넣더군요.\r\n\r\n그때 하나 있던 문이 열리며 승무원 아저씨가 침대칸 손님이냐고 묻더군요. 전 남편보다 빨리 \"네\"하고 대답을 했어요. 승무원 아저씨는 표를 보여달라고 해서 남편은 속주머니에서 표를 꺼내어 보여주었지요. 아저씨는 노트에 뭘 적고는 여기는 위험하니 얼른 들어오라 하시고는 기차 안으로 들어가셨어요. \r\n\r\n남편은 약간 취한 목소리로 \"여기서 한두 번 마셔보나\" 했지요. 그리고는 제 옆에 앉아 벽에 기대었어요. 남편이 묻더군요. \"혹시 치마 가져왔어?\" 왜 그러냐고 물어보니 \"여기서 한번 하자\" 하더군요. 전 웃으며 싫다고 했어요.\r\n\r\n남편은 제 대답이 끝나기 무섭게 키스를 해왔어요. 전 남편 목을 안고 받아주었어요. 정말 분위기가 좋았어요. 기차는 우리가 키스하는 것을 샘이라도 내듯이 더 크게 덜컹거렸어요. 남편은 키스를 하며 잠바 자크를 내리더니 셔츠 위로 유방을 주물렀어요. 전 두 눈을 감고 남편의 키스를 받는데 갑자기 환해지는 느낌을 받아 눈을 떠보니 기차는 어느새 평택역을 서지 않고 그냥 지나고 있었어요.\r\n\r\n남편은 입을 떼고 잠시 후에 기차가 천안역에 서니 그때 들어가서 치마로 갈아입으라고 했어요. 전 남편 물음에 대답은 안 하고 그냥 웃었어요. 지금은 많이 변해서 별로 부끄러운 것이 없지만 그때만 해도 남편이 그런 말을 하면 좀 부끄러웠어요.\r\n\r\n10분쯤 지나 기차는 속도를 줄이더니 천안역에 도착을 했어요. 좌우에 플랫폼을 비추는 가로등으로 인해 저희가 앉아 있는 곳은 환해졌어요.\r\n\r\n남편은 제 손을 잡고 일어나며 문을 열고 기차 안으로 들어갔어요. 침대칸이라 그런지 어둡고 무척 조용했어요. 남편은 저를 제 침대에 들여보내고 커튼을 쳐 주었어요. 저는 가방을 열고 잠잘 때 입으려고 가지고 온 긴 치마로 갈아입었어요. 그리고 잠시 누웠어요. 침대는 무척이나 좁게 느껴졌어요.\r\n\r\n밖에는 기차를 타기 위해 뛰어오는 사람들이 있었지만 그리 많은 사람들은 아니었지요. 잠시 후 기차는 덜컹거리며 움직였어요. \r\n\r\n전 잘하지 못하는 술을 마셔서인지 누워있으니 술이 오르는 느낌이 들었지요. 순간 커튼이 열리며 남편은 절 쳐다보았어요. 남편의 의도가 무엇인지 아는 저는 침대에서 일어나 남편을 따라 좀 전에 있었던 곳으로 나왔어요.\r\n\r\n남편은 기차가 아직 역을 지나지 않아 환한데도 저를 안으며 키스를 해 왔어요. 어느새 남편은 양치를 했는지 입에서는 치약 냄새가 났어요.\r\n\r\n전 남편의 혀를 받아 빨아주며 한 손을 내려 남편 바지 자크를 내리고 팬티 위로 남편의 성기를 만져주었지요. 이미 남편의 성기는 성이 나 있었어요.\r\n\r\n남편은 저와의 거리를 좀 주더니 제 유방을 셔츠 위로 만졌어요. 한참을 만지더니 손을 내려 치마 위로 제 둔덕을 비비듯이 만져왔어요. 별난 남편을 만나 여기저기서 섹스를 해보았지만 이런 데서 할 줄은 꿈에도 몰랐어요.\r\n\r\n남편은 승무원 아저씨를 의식해서인지 저를 문 앞에 기대어 서게 하더니 쭈그리고 앉아 치마에 손을 넣더니 팬티를 벗겼어요. 전 다리를 들어 팬티가 제 몸에서 나올 수 있게 해주었어요. 남편은 제 팬티를 자기 주머니에 넣더니 치마 속으로 들어가 제 아래를 핥아주었어요. 두 손으로 제 아래를 살짝 벌려놓고는 긴 혀로 그 틈새를 핥아주었어요. 전 멀어져가는 나무와 들판을 바라보며 남편의 애무를 받았지요. 전 두 손으로 남편의 머리를 제 쪽으로 당기며 쾌감을 즐겼어요. 남편은 제 아래에서 나오는 물을 마시고 싶었는지 제 다리를 좀 더 벌리게 하고 구멍 쪽으로 혀를 밀어 넣으며 아랫물을 핥아 먹었어요. 전 기차 소리 덕에 신음소리를 크게 내며 즐길 수 있었어요. 전 지금도 소리가 커서 아이들 눈치를 많이 보며 섹스를 하거든요.^^;;\r\n\r\n잠시 후 남편은 저를 돌려 문 쪽을 잡고 엉덩이를 뒤로 빼게 했어요. 그리고 다시 치마 안에 머리를 넣고는 엉덩이에 키스를 하더니 점점 항문 쪽으로 가며 키스를 했어요. 남편의 혀가 제 항문을 핥을 때쯤에 남편은 엄지손가락을 제 구멍에 밀어 넣었어요. 나머지 네 개의 손가락을 붙여 제 둔덕을 비비며 엄지손가락으로는 구멍에 넣어 돌려가며 앞뒤로 움직여 주었어요. 그리고 둔덕을 비비던 손가락 하나로 제 클리토리스를 만져 주었지요. 이미 저는 분위기에 취해서인지 낯선 곳에서의 섹스 때문인지는 모르지만 남편이랑 집에서 할 때보다는 훨씬 더 흥분하고 있었어요.\r\n\r\n전 \"그만 그만\"이라고 거짓말을 하면서 힘이 빠져나가는 다리로 힘들게 서서 남편의 애무를 느끼고 있었어요.\r\n\r\n남편은 제가 충분히 흥분되어 있는 것을 아는지 치마에서 나오면 기차 문에 기대어 섰어요. 전 그 뜻을 알고 남편의 허리띠를 푸르고 바지를 무릎까지 내린 뒤에 남편의 성기를 빨아주었어요. 남편은 제가 성기를 빨아주자 허리를 숙여 제 유방을 옷 속으로 손을 넣어 만져 주었어요. 손가락으로 유두를 비틀 듯이 만지기도 하고 유두를 손가락 사이에 끼우고는 유방 전체를 주무르기도 했지요.\r\n\r\n전 항상 그렇듯이 정성 들여 남편의 성기를 아래위로 훑으며 입으로는 귀두를 핥아주었어요.\r\n\r\n남편은 제가 깊게 빨아주는 것을 원하는지 한 손을 제 머리 뒤에 대고는 성기 쪽으로 당겼어요. 전 입을 더 크게 벌리고 남편의 성기를 목 깊이 넣고 혀로 성기를 핥아주었어요. 그리고 서서히 빼며 귀두만 입에 넣고 귀두도 혀도 지그시 누르며 핥아 주었지요. 남편은 제 귀에 들릴 정도로 신음소리를 내며 \"좋아 좋아\" 라고 연신 중얼거렸어요. 전 두 손으로 남편의 허벅지를 잡고 입으로만 빨리 앞뒤로 움직여 주었지요. 남편은 사정을 하려고 그러는지 그만하라고 하고는 저보고 기차 뒤에 난간을 잡고 엎드리게 했지요. 전 거친 숨을 몰아쉬며 난간을 잡고 남편이 하기 좋게 엉덩이를 뒤로 빼고 다리 벌려 조금 구부려 주었어요.\r\n\r\n남편은 이내 제 아래를 성기로 몇 번 비비며 입구를 찾더니 서서히 안으로 밀어 넣고는 앞뒤로 움직였어요. 한 손을 내려 제 둔덕 사이에 있는 클리토리스를 누르듯이 만지면서요.\r\n\r\n그리고 잠시 후에는 한 손을 더 뻗어 제 유방을 주물렀지요. 전 기차에서 나는 소리에 제 목소리를 숨기고 마음껏 신음소리를 내며 남편의 성기를 느꼈어요. 순간 남편이 제 클리토리스를 강하게 비비며 허리를 빨리 움직이자 남편이 사정할 때가 온 것을 전 알 수 있었어요. 전 남편과 같이 맞추기 위해 더 크게 소리를 지르며 한 손을 내려 남편의 포도알을 쓰다듬어주었어요. 그때 남편이 제 유방을 꽉 잡으며 사정을 했어요.\r\n\r\n전 남편에 정액이 제 안에 들어오는 것을 느끼며 큰 소리로 여~~~보~~~~하며 저도 오르가즘을 느끼며 무언가를 사정하는 듯했어요. 전 움직이지도 못하고 아직까지 움직이는 남편의 성기를 느끼고 있었어요. 정말 환상적인 경험이었어요. 쌀쌀한 가을 날씨였지만 온몸에서는 땀이 차있었지요.\r\n\r\n남편은 잠시 후 제 몸에서 성기를 꺼내고는 손수건을 꺼내어 제 아래를 깨끗이 닦아주었어요. 그리고 자기 성기를 닦았지요. 전 남편 앞에 앉아 남편의 성기를 입속 깊이 넣어 남편 정액과 제한테서 나온 물을 깨끗이 빨아 닦아주었어요.\r\n\r\n남편은 크게 한숨을 쉬며 정말 좋았다고 했어요. 저도 너무 좋았다고 해 주었어요. 남편은 힘이 드는지 바닥에 앉으며 담배를 물었어요. 담배를 한 모금 깊이 마시더니 한숨을 쉬듯이 휴우~하곤 뿜었지요. \r\n\r\n순간 기차는 조치원 역에 도착을 했어요. 남편은 춥냐고 물었어요. 전 아직 몸에서 열이 난다고 하자 남편은 웃더군요. 그리고 남편은 저에게 말을 했어요. 사실 오늘 낮에 가찌하라 상이 말한 사람과 통화를 했다고요. 전 놀라 남편의 다음 이야기를 듣기 위해 가만히 남편 얼굴만 바라보았어요.\r\n\r\n남편은 놀라운 말을 한마디 더 했어요. 오늘 여수에 출장을 간다고 하니 자기 부인과 같이 온다고 했대요. 새벽에 도착해서 잠시 눈을 붙이고 일어나 거래처 손님을 만나면 오후 2시경이라고 하니 오후 6시쯤에 여수에 도착을 한다고 했대요. \r\n\r\n그리고 저랑 같이 만나자고 했다더군요. 전 지금 그런 말을 하는 남편이 미웠어요. 그래서 전 이제 피곤해서 들어가 잔다고 했죠. 남편은 제 이런 마음을 알았는지 미안하다며 아침에 전화를 해서 오지 말라고 하겠다고 했어요. 그리고 저한테 미안하다고 몇 번을 사과했어요. 전 그제서야 조금 화가 풀려 알았다고 하고는 이제 자자고 했어요.\r\n\r\n며칠 전에도 썼지만 전 오르가즘을 한 번 느끼고 나면 온몸에 힘이 빠져 정신을 못 차리거든요. 그날도 여느 때와 같이 온몸에 힘이 빠져 눕고만 싶었어요. \r\n\r\n그런 저를 남편도 잘 알기에 저보고 먼저 들어가 자라고 하고 담배 하나만 더 피고 금세 잔다고 했어요. 그래서 저는 남편한테는 미안했지만 먼저 들어와 잠을 잤어요.\r\n\r\n다음날 무슨 일이 벌어질지도 모르고요.'),(13,'우리가 여수역에 도착한 시간은 새벽 4시가 지나서였어요\r\n\r\n남편은 어제 마신 술 때문인지 속이 쓰리다며 역에서 나오자마자 광장에 있는 포장마차로 가서 우동을 먹었어요. 저는 국물만 조금 얻어먹었고요.\r\n\r\n잠시 후 포장마차를 나와 택시를 타고 XX호텔로 갔어요. 남편은 이 호텔 커피숍에서 10시경에 손님을 만난다고 했지요. 저희는 방값을 치르고 키를 받아 방으로 갔어요.\r\n\r\n방에 온 남편은 잠을 좀 더 자야겠다고 하면서 옷도 벗지 않고는 침대에 누워 금세 잠이 들었어요. 저는 새로운 섹스 경험 때문인지 아니면 약간의 술 때문인지 좁은 기차 침대였지만 깊은 잠을 자서 잠이 오지 안아 남편 노트북 컴퓨터를 꺼내 게임을 좀 하다가 샤워를 했어요. 아니, 샤워보다는 욕조에 물을 받아 놓고 몸을 담갔어요.\r\n\r\n전 눈을 감고 일본 언니 생각을 했어요. 보고 싶더군요. 더 솔직히 말하면 언니의 애무 생각이 났어요. 특히 키스할 때의 느낌이... 남편의 혀보다 훨씬 부드럽고 달콤했었거든요.\r\n\r\n물이 식었다고 느껴질 때 전 욕실에서 나와 몸을 닦고는 남편 옆에 누었다가 저도 모르게 잠이 들었어요. 한참을 단잠을 자고 있는데 남편이 깨우는 바람에 눈을 떠보니 남편은 벌써 샤워를 하고 나갈 준비를 마치고 저를 깨우는 거였어요.\r\n\r\n시계를 보니 9시더군요. 남편은 아침 식사를 하러 가자고 했어요. 정말 대단한 식성이에요. 남편은 술을 마시고 새벽에 들어와도 밥은 먹어야하고 평상시에도 눈을 뜨면 바로 식탁에 와서 아침을 먹고 나서야 세수고 양치를 하거든요.\r\n\r\n전 간단하게 화장을 하고 남편을 따라 1층 식당으로 내려갔어요. 남편은 꼬리곰탕을 시켰고 저는 그냥 커피만 시켜 마셨어요. \r\n\r\n남편이 식사를 마치고 커피를 시키는데 남편 전화에 전화가 걸려 왔어요. 오늘 약속한 분 같았어요. 시간을 조정하는 거 같았지요. 전화를 끊은 남편은 30분 정도 약속 시간이 미루어졌다고 했어요.\r\n\r\n남편과 저는 시간이 애매해서 그냥 커피숍에서 있었어요. 그런데 또 한 통화의 전화가 왔어요. 남편은 여러 번의 짧은 대답만 하다가 저에게 어제 이야기한 부부가 어젯밤에 여수에 도착해서 지금 아침 식사하러 식당에 와있다고 한대요. 전 고개를 저으며 싫다는 표현을 했어요.\r\n\r\n남편은 고개를 끄덕이며 전화에 제 생각을 이야기를 해주었어요. 그리고 미안하다고 했지요. 그런데 제 느낌에도 부산 부부는 자꾸 전화를 끊으려 하지 않는 것 같았어요. 나중에는 남편이 무슨 죄를 지은 사람마냥 사정하듯이 전화를 받았지요. 그리고 미안하다는 말을 하고는 전화를 끊었어요.\r\n\r\n그리고 10분 정도 있다가 제 전화가 울려서 받아보니 일본 언니였어요. 안부를 묻고 하더니 저에게 부산 부부를 만나보라고 했어요. 아마 부산 부부가 언니에게 전화를 해서 상황 설명을 한 것 같았어요. 전 언니에게 미안하지만 그러고 싶지 않다고 하니, 언니는 부산 부부가 여수까지 일부러 온 건데 그럼 저녁 식사나 하라고 했어요.\r\n\r\n그리고 남편을 바꿔 달라고 해서 남편을 바꿔주니 남편과 한참을 이야기를 하고는 전화를 끊었어요. 전 궁금하다는 듯이 남편 얼굴을 쳐다보니 남편은 저녁 식사만 하자고 했어요. 아무래도 자신이 실수를 한 것이니 일본 언니나 가찌하라 상의 얼굴을 보더라도 자기 때문에 부산에서 일부러 여기까지 왔는데 전화로 싫다고 하는 것은 예의가 아닌 것 같다고...\r\n\r\n우리가 저녁이나 한 끼 대접하자고 했어요. 전 내키지는 않았지만, 남편 말도 일리는 있는 거 같아 그러자고 했어요.\r\n\r\n그 후 남편은 손님을 만나 다행히 일을 잘 보았고, 그래서 그런지 기분이 무척 좋아 보였어요. 남편과 저는 부산 부부를 만나려면 시간이 좀 많이 남아 택시를 대절해서 돌산도라는 섬을 구경했어요. 해안 도로에서 보는 바다는 정말 아름다웠어요.\r\n\r\n그렇게 세 시간 정도 구경을 하고는 호텔로 돌아와 약속 시간을 기다렸어요.\r\n\r\n남편은 별말 없이 TV만 보고 있었어요. 전 내키는 자리는 아니었지만, 처음 만나는 사람들이라 화장은 제대로 하고 나가야 할 것 같아 천천히 화장을 했어요.\r\n\r\n그리고 내심 언니가 오늘 만나는 여자에 대해 말을 할 때 미인이라고 하도 강조를 해서 괜히 지기 싫은 마음에 화장을 했어요. 그리고 또 속마음을 이야기한다면 괜히 질투도 났어요. 혹시 오늘 만나는 여자에게 키스도 해주고 애무도 해주었나 하고...\r\n\r\n전 이러저러한 생각을 하며 있는데 남편이 시간이 다 되었다고 1층 커피숍에 가자고 했어요. 좀 어색하고 부끄러운 마음으로 남편과 커피숍으로 내려왔어요.\r\n\r\n남편과 저는 부산 부부 얼굴을 몰라 남편은 커피숍에 들어가며 전화를 했는데, 순간 전화를 받는 사람이 제 눈에 들어왔어요. 남자는 뒷모습만 보였지만 여자분 얼굴은 볼 수 있었어요. 순간 남자가 일어서서 우리에게 먼저 걸어왔어요. 그리고는 웃으며 남편에게 악수를 청했어요. 그리고 저한테도 악수를 청하길래 손을 내밀어 악수를 했어요. 그리고 그분들이 있던 자리로 가서 부인과도 인사를 했어요.\r\n\r\n언니 말대로 부인은 정말 미인이었어요. 어지간한 영화배우는 비교도 안 될 정도였어요. 남자 분도 정말 미남이었고요. 우리는 차도 한 잔 안 하고 일어나 택시를 타고 오동도에 있는 바닷가 횟집으로 갔어요. \r\n\r\n그곳에는 여러 개의 횟집이 있었는데. 그중 깨끗해 보이는 횟집을 들어가 2층 방에 자리를 잡았어요. 좀 있으니 주인 아줌마로 보이는 분이 올라와 주문을 하라고 해서 의견을 모아 모둠 해산물 한 접시와 참돔 한 마리를 시켰지요. 소주도요. \r\n\r\n그런데 앞의 남자분은 가방에서 양주 한 병을 꺼내며 부인이 소주를 못해 양주를 준비했다며 미안해했어요. 미안해할 일은 아닌데...\r\n\r\n(남자는 강 선생이라 하고 여자는 강 부인이라고 할게요.)\r\n\r\n강 선생은 남편과 웃으며 여러 이야기를 했어요. 하지만 강 부인은 별로 말이 없었어요. 그래서 저는 남자분들 이야기를 들으며 있었지요. 남편과 강 선생은 벌써 소주를 두 병이나 마시고는 한 병을 더 시켰고, 강 부인은 양주를 1/3 정도를 마셨어요. 강 부인은 술을 아주 잘하는 것 같았어요.\r\n\r\n저도 강 부인 덕에 넉 잔을 마셨지요. 이렇게 다들 어느 정도 취하니, 대화 주제가 일본 언니 부부 이야기가 되었고 그러다 보니 자연스럽게 스와핑 이야기로 접어들었어요. 말을 많이 하지 않고 있던 강 부인은 스와핑에 대하여 어떻게 생각을 하냐고 남편이 묻자 아주 긍정적으로 말을 하더군요.\r\n\r\n강부인은 키가 170은 넘어 보였고 볼륨 있는 몸매를 가졌어요. 나이는 두 사람 모두 40이라고 했는데 강 부인은 삼십 대 중반으로 보일 정도였어요. 하지만 제가 보기에는 흔히 말하는 색골 같아 보였어요. 무지 섹스를 좋아해 보였지요.\r\n\r\n순간 강 선생은 저에게 질문을 했어요. 일본 언니에게 들어보니 첫날은 파트너 교환 없이 한 방에서 섹스를 했다고 들었는데 자기네 부부와도 파트너 교환이 부담스러우면 한 방에서 부부끼리 섹스를 하자고 했어요. \r\n\r\n전 강 선생이 일본 언니한테 우리 섹스 이야기를 들었다고 하자 무척 창피했어요. 전 대답도 안 하고 그냥 얼굴만 붉힌 채 가만히 있었어요. \r\n\r\n순간 강 부인도 한마디 거들었어요. 자기들도 스와핑을 자주 하지 않는다고 했어요. 그래서 우리를 보고 마음에 안 들으면 그냥 갈려고 했대요.\r\n\r\n그런데 우리랑 대화도 하고 술도 마셔보니 언니 말대로 좋아 보여 우리랑 경험을 갖고 싶다고 했어요. 전 그냥 가만히 있었어요. 당시 절대로 하고 싶은 생각은 없었어요. 하지만 사람들이 좋아 보여 마음은 편안했어요.\r\n\r\n남편은 제 눈치를 채고는 화제를 바꿔 보려 했지만 미안할 정도로 그 부부는 교환은 하지 말고 한 방에서 섹스하는 것을 강조하며 저나 남편을 설득을 시켜갔어요. 순간 남편이 저에게 그러더군요. 이분들 말대로 교환은 하지 말고 부부끼리 섹스를 하면 괜찮을 것 같다고요. \r\n\r\n전 대답도 안 하고 남편 얼굴만 쳐다보고 있는데, 강 선생은 허락한 것으로 알겠다며 술잔을 저에게 주었어요. 전 주춤거리는데 강 부인도 얼른 한 잔 받으라며 부추기길래 손을 내밀어 잔을 들고 술을 받았어요. 변명 같지만 정말 얼떨결에...\r\n\r\n제가 허락을 한 것으로 되자 갑자기 분위기가 더욱 좋아졌어요.\r\n\r\n우린 거의 11시가 되어 자리에서 일어났어요. 식당에서 택시를 불러주어서 그 택시를 타고 호텔로 돌아왔어요. 강 선생 부부는 호텔에 오자 바로 방을 하나 잡고 샤워라도 하고 잠시 후에 보자며 우리는 헤어졌어요.\r\n\r\n남편과 저는 따로 샤워를 하고 의자에 앉아 음료수를 마시고 있는데 방에 있는 전화로 전화가 왔어요. 남편이 전화를 받으며 저에게 우리가 갈까 아니면 오라고 할까 물어보았어요. 전 내가 가는 것보다는 이리로 오게 하는 것이 제 마음이 더 편할 거 같아 우리 방으로 오게 하라고 남편에게 손짓을 했어요. 남편은 강 선생 부부에게 제 말대로 우리 방으로 올 것을 부탁했어요.\r\n\r\n몇 분 후 노크 소리가 들려 남편은 문을 열어주었어요. 두 사람은 웃으며 인사를 하며 들어 왔지요. 남자는 수수하게 편한 복장을 하고 왔는데, 강 부인은 일부러 옷을 준비해왔는지 아주 섹시해 보이는 짧은 원피스를 입고 왔어요.\r\n\r\n두 분이 들어와서 쇼파에 앉았고, 남편은 냉장고에서 맥주캔을 4개 꺼내 각자 앞에 하나씩 놓았어요. 강 선생은 맥주 캔을 하나하나씩을 따서 제자리에 놓았어요. 남편은 저 때문인지 스탠드 불을 하나만 두고 모두 껐어요. 그리고 제 옆에 앉았어요.\r\n\r\n하지만 저는 일본에서는 포르노나, 아니면 언니가 분위기를 잘 이끌어주어 따라가는 기분으로 편안하게 시작을 하였는데 지금은 도무지 어색하고 편하지가 않았어요.\r\n\r\n그런데 제 생각을 강 부인이 알았는지 말을 하더군요. 일본에서는 편안한 마음으로 했었죠, 하고 저에게 물었어요. 전 그런 것 같다고 대답을 했어요. 강 부인도 자신도 일본에서는 언니나 가찌하라 상이 리드를 해주어 편했는데, 자기네도 서툴러 부담스럽다고 했어요.\r\n\r\n순간 강 선생이 제안을 했어요. 아무래도 분위기가 잘 잡히지 않으니 어색하더라도 모두 옷을 벗자고 했어요. 전 그게 더 이상하고 부끄러웠지만 강 선생의 제안에 남편과 강 부인은 찬성하는 듯했어요.\r\n\r\n잠시 후 강 선생은 일어나 옷을 벗었지요. 그러며 남편에게도 벗으라고 했어요. 남편은 조금 주춤대더니 절 한 번 보고는 옷을 벗었어요. 우리는 마주 앉아있어서 저는 강 선생이 팬티를 마지막으로 내릴 때에 강 선생의 성기를 보았어요. 아직 발기가 되지 않아 별반 남편 거와 비슷해 보였어요. 고개를 돌려 남편을 보니 남편은 팬티를 내리는데 반쯤 발기 되어 있었어요. 강 부인은 남편의 성기를 자세히 보는 듯했어요.\r\n\r\n남편이 옷을 다 벗고 자리에 앉자 강 부인은 강 선생에게 원피스 자크를 내려달라고 해 강 선생이 자크를 내려주자 원피스를 위로 벗었지요. 강 부인은 노브라 상태였어요. 그리고 팬티를 내렸어요. 강 부인은 아래 털을 좀 깍았는지 짧아 보였어요.\r\n\r\n다음 차례가 저인 줄은 알았지만, 맨 나중에 벗으려니 앞의 두 사람의 시선이 저한테로 몰리자 더 벗기가 부끄럽더군요. 그래서 좀 뜸을 들이고 있는데 강 부인이 남편에게 말했어요. 제가 부끄러움을 많이 타는 것 같은데 남편이 좀 벗겨 주라고... 남편도 그게 좋겠다고 생각을 했는지 제 셔츠 단추를 하나씩 풀었어요. 단추를 다 푸르고 소매에서 팔을 빼고는 옷을 침대 위로 던졌어요. 그리고 손을 뒤로 해서 브라자도 풀었어요. \r\n\r\n전 유방이 보이자 두 손으로 가렸지요. 또 남편이 제 치마 옆에 단추를 풀길래 전 남편 손을 막고 제가 벗는다고 했어요.\r\n\r\n전 자리에서 일어나 욕실로 갔어요. 욕실로 가서 치마와 팬티를 벗고 수건으로 아래를 가리고 나와 의자에 다시 앉았어요. 제가 자리에 돌아와 앉자 강 선생은 맥주 캔을 들고 건배를 하자고 해서 모두 맥주를 들고 건배를 했어요.\r\n\r\n순간 남편의 성기를 보았는데 남편 성기는 이미 완전히 발기가 되어 있었어요. 그런데 남편 성기를 보니 제가 더 얼굴이 화끈거리더군요. \r\n\r\n순간 남편은 제 아래를 덮고 있던 수건을 들고는 옆에 두었어요. 전 다리를 바싹 붙였지요. 하지만 강 부인은 남편에게 아래 속살을 보여 주려는 듯이 다리를 약간 벌려 제 눈에도 강 부인의 아래 속살이 보이는 것 같았어요.\r\n\r\n강 선생은 자기 부인의 허벅지를 쓰다듬으며 한쪽 팔을 어깨에 걸치고는 유방을 더듬었어요. 그것을 본 남편도 제 유방을 만지며 강 부인을 보고 있었어요. 강 선생도 제 몸을 자꾸 보았어요. 이제 강 선생의 성기도 발기가 되었어요.\r\n\r\n남편 것과 크기는 거의 같아 보였지요. 강 선생의 손이 벌써 부인에 아래 속을 건드리는지 부인은 목을 뒤로 젖히고 있었어요. 약간의 신음소리를 내며...\r\n\r\n남편은 순간 쇼파가 좁고 불편하다며 침대로 자릴 옮기자고 했어요. 강 선생은 대답도 하지 않고 일어서서 부인의 손을 잡고 먼저 침대로 갔어요.\r\n\r\n저도 일어나서 다른 침대에 가 앉으려는데 강 선생이 저 보고 부인 옆에 앉으라고 했어요. 남편도 그게 좋겠다고 했어요. 전 부인 옆에 앉았어요. 일본에서처럼... \r\n\r\n순간 남편은 제 앞에 앉아 강 선생보다 먼저 제 무릎에 입을 맞추었어요. 강 선생도 남편과 같은 자세로 앉더니 바로 부인에 다리를 벌리고 아래에 입을 댔어요. 부인은 무척이나 민감해 보였어요. 일부러 그런지는 모르지만 강 선생이 입을 대자 바로 신음소리를 냈거든요.\r\n\r\n남편도 무릎에서 아래 부분까지 올라와 제 다리를 벌렸어요. 그리고 아래를 핥기 시작을 했어요. 전 반쯤 눈을 뜨고 남편의 머리 위를 보고 있다가 무심코 강 선생을 보았는데 강 선생은 부인의 아래를 손으로 만지며 제 아래를 보고 있었어요.\r\n\r\n남편은 제 아래를 핥느라고 강 선생의 행동도 모르고 제 아래를 깊이 핥으려고 다리를 더 벌렸어요. 전 앉아있다가 강 선생의 시선이 불편해 침대에 누었어요.\r\n\r\n부인도 제가 눕자 따라 눕더군요. 부인은 자신의 유방을 만지며 분위기에 젖어가고 있었어요. 전 누워 강 선생이 제 아래를 계속 보고 있을 거라고 생각을 하니 저도 서서히 흥분되어 갔어요. 순간 부인이 손을 제 목 뒤로 넣어 팔베개를 해주었어요.\r\n\r\n전 가만히 있었어요. 그러자 부인은 몸을 약간 일으켜 제 유두를 빨아 주었어요. 전 솔직히 일본 언니가 제 유두를 빨아줄 때의 느낌과 같았으면 하는 마음이었어요.\r\n\r\n부인은 천천히 혀를 놀리며 제 유방과 유두를 애무해주었어요. 그리고 남편의 입이 제 아래에서 떨어지는 것 같더니 손으로 제 아래를 만져 주는데, 분명 그 손은 남편의 손이 아니었어요. 당시 기분으로는 남편은 부인의 아래를 만지는 거 같았고 강 선생은 저를 만지는 거 같았어요. 강 선생은 아주 부드럽게 제 아래를 만졌어요. 남편이 만지는 방법하고는 틀리더군요. 어떤 것이 좋은지는 모르겠지만 다른 남자가 만진다는 감정만으로 흥분하기에는 충분했어요. \r\n\r\n남자들이 움직이는 느낌이 들더니 이제는 자리를 바꾼 것 같았어요.\r\n\r\n강 선생은 들키지 않으려는 듯 조심이 제 아래에 입을 되었어요. 그리고 혀를 내밀고는 클리토리스를 먼저 핥아 주었어요. 제 약점을 아는 듯이 혀를 돌려가며 혀끝으로 클리토리스를 건드렸죠. 제 느낌에 클리토리스가 점점 커지는 느낌이 들었어요. 부인은 아직 제 유방과 유두를 핥고 있었고요.\r\n\r\n강 선생이 계속 클리토리스를 핥자 조금씩 나오던 물이 점점 많아졌지요. 강 선생은 그 물이 흐르는 소리를 들었는지 혀를 아래로 내려흐르는 물을 핥아 주었어요. 아주 길게 혀를 놀리며 밑에서 위로 길게 핥았어요. \r\n\r\n제 신음소리도 점점 커져 갔어요. 그리고 누군가 침대에 올라오는지 침대가 크게 움직였어요. 하지만 저는 강 선생과 부인의 애무를 받느라 크게 신경을 쓰지 않고 애무의 쾌감을 즐기고 있었어요.\r\n\r\n그때 부인이 애무하는 다른 유방에 느낌이 왔어요. 남편이 올라와 다른 유방을 빨아주었어요. 항상 하듯이 유두를 앞니로 살짝 깨물며 절 애타게 했어요.\r\n\r\n세 사람이 저 하나를 놓고 애무를 해주었어요. 특히 강 선생이 제 아래를 핥다가 클리토리스를 강하게 빨아 줄 때는 몸을 뒤틀며 크게 신음소리를 냈어요.\r\n\r\n그리고 그것보다 절 더 흥분을 시킨 것은 남편이 저에게 한 말이었어요.\r\n\r\n남편은 제 유방을 빨다가 제 귀를 핥으며 하는 말이 \"여보, 강 선생이 당신 보지를 빨고 있어\" 라고 할 때 전 \"아~~흥\" 하며 또 다른 신음소리가 나왔어요. 그리고 순간 제 아래에서 뭔가 뭉클하며 나오는 것 같았어요. 순간, 부인이 제 유두에서 입을 떼고는 침대를 울렁이며 어디로 가고 있는 거 같았어요. 잠시 후 남편은 제 귀에 또 말을 했어요\r\n\r\n\"여보, 부인이 내 자지를 빨아, 자지를...\"\r\n\r\n전 또 한 번 \"아~~흥\"하며 벌써 오르가즘이 온다는 것을 느끼고 있었어요. 전 남편에게 도와 달라는 신호로 말을 했어요. \"나 당신 거 빨고 싶어\" 라고... \r\n\r\n전 지금까지 다섯 부부와 20여 번 정도 스왑을 했지만 한 번도 다른 남자의 성기를 빨아 준 적은 없었어요. 왠지 그것은 못하겠더군요.\r\n\r\n남편은 제 의도를 알았는지 \"응, 좋아. 부인이랑 같이\" 라고 했어요. 전 일본에서 언니와 남편의 성기를 같이 빨아본 적이 있어 이상하게 들리지는 않았어요.\r\n\r\n전 침대에서 일어나 엎드리며 남편에 성기를 빨아주기 위해 허리를 숙였어요.\r\n\r\n제가 남편의 성기를 빨기 위해 몸을 돌릴 때 강 선생은 그 시간을 못 참고 침대 위에 엎드려 남편 성기를 빨고 있는 강 부인의 아래를 핥기 시작을 했지요.\r\n\r\n부인과 저는 가끔 서로의 혀를 부딪치며 남편의 성기를 핥고 빨아주었어요. 그러다가 부인은 저에게 키스를 요구해와 짧게 키스를 해주었어요. 제가 남편 성기를 깊게 빨아주면 부인은 남편의 포도알을 핥아주었고 부인이 남편의 성기를 빨아주면 제가 남편의 포도알을 핥아주었어요. 사이좋게요. \r\n\r\n순간 부인이 \"아~~~\"하길래 부인 얼굴을 쳐다보니 강 선생이 뒤에서 성기를 넣는 듯했어요. 제 예감이 맞았어요. 잠시 후, 부인의 얼굴은 강 선생의 움직임에 맞춰 흔들리고 있었지요. 부인은 강 선생이 뒤에서 박아대자 입을 벌리고는 남편의 성기를 힘들어하는 모습으로 빨았어요.\r\n\r\n그때 강 선생의 손이 제 엉덩이를 만지다가 아래로 손을 옮기더니 축축하게 젖은 제 안으로 손가락을 넣어 왔어요. 처음에는 손가락을 하나만 넣더니 다음에는 두 개를 넣은 것 같았어요.\r\n\r\n저도 이제 부인과 마찬가지로 뒤에서 손가락을 넣어 움직이자 저도 남편의 성기를 빨기가 힘들었어요. 너무 흥분이 되어 그냥 남편의 성기만 꼭 쥐고 있었지요.\r\n\r\n전 그 순간 이제 오르가즘이 오는 것을 참을 수가 없다고 판단이 되었어요.\r\n\r\n그래서 강 선생의 손을 멀리하고 남편 위에 앉아 성기를 잡고 제 아래에 넣으려는데 남편이 돌아앉으라고 했어요. 전 남편 말대로 돌아앉아 남편의 성기를 잡고 제 아래에 넣고 몸을 조금씩 움직이고 있었지요. 순간 그때까지는 의식을 하지 못했었는데 저와 남편 다리 사이에 엎드리고 있던 부인은 제 몸에 남편의 성기가 들어갔다 나왔다 하는 것을 보고 있었어요. 그리고 강 선생도 같이요.\r\n\r\n그런 모습을 본 저는 부끄러움도 잊고 더 흥분을 하고 있었어요. 순간 강 선생은 부인에게 \"나 한다\" 라고 하고는 몸을 빨리 움직였어요. 부인도 지금까지는 신음소리를 작게 내더니 강 선생이 한다고 하자 신음소리를 크게 내며 오르가즘이 오는 거 같았어요.\r\n\r\n그때 강 선생은 부인의 아래에서 성기를 빼더니 부인의 등에 사정을 했어요. 거기에 맞추어 부인도 \"아!. 아~~~~~~~~\" 하더니 침대 시트를 꼭 쥐고 몸을 떨었어요. 저도 잠시 후에 남편의 정액이 몸에 들어오는 것을 느끼며 오르가즘을 느꼈어요. \r\n\r\n그리고 한 시간 정도가 지나서 전 강 선생과 섹스를 하였습니다. 이것이 저에 두 번째 스왑 경험이었어요. \r\n\r\n\r\n====================\r\n\r\n\r\n재미있게 보셨는지 모르겠네요.\r\n이것으로 우연한 기회의 스와핑은 그만할까 해요.\r\n내용이 거의 비슷하거든요.\r\n\r\n다음은 제 첫 글이었던 주부 탈선에 대해 단편으로 몇 편 올릴게요. \r\n\r\n그럼 항상 좋은 시간 되시길... 감사... \r\n\r\n힘 좀 더 나게 추천 꽝 잊지 마시길. ^^;;'),(14,'안녕하세요! 오랜만이네요.\r\n\r\n글을 못 올린 지 벌써 1년이 넘었네요. 저는 \'우연히 시작한 스와핑\',  \'주부의 탈선\' 등을 쓴 슈~입니다. 오랜만에 글을 쓰려고 하니 비번도 생각이 나지 않고 그러네요. \r\n\r\n그래서 다시 등록해서 글을 올립니다. 형편없는 글이지만 즐겁게 봐주세요. 이제 자주 올릴게요. 그리고 최근 스와핑 경험을 몇 편 올립니다.\r\n\r\n==============================\r\n\r\n그러니까 9월 초쯤이었어요. 낮잠을 자다가 전화 벨소리에 잠을 깼지요.\r\n\r\n남편이었어요. 내용도 말하지 않고 7시까지 회사 근처로 오라고 하더군요. 왜 그러냐고 물어도 대답도 않고 늦지 말고 나오라는 말만 하고는 전화를 끊었어요. \r\n\r\n전 영문도 모르고 늦지 않게 가기 위해 서둘러서 준비를 마치고, 택시로 회사 근처 커피숍에 도착해서 전화를 했지요. 그리고 15분 지나서 남편이 오더군요.\r\n\r\n남편은 좋은 일이 있는것 마냥 싱글거리며 반겨주었지요. 남편에게 무슨 일이냐고 묻자 남편은 그제서야 하는 말이 후배 내외와 저녁을 먹기로 했다는 거예요.\r\n\r\n그 후배는 저도 아는 후배였지요. 하지만 본지가 꽤 오래돼서 기억이 가물거렸어요. 전에 남편 일을 도와줄 때 몇 번 보긴 했어도... 인사만 간단하게 하였지요.\r\n\r\n왜 갑자기 후배와 저녁을 하느냐고 물어보니 우연히 그 후배와 며칠 전에 술을 했는데 술기운인지 스와핑에 관심이 많더래요. 그래서 우리 얘기를 해주었더니 후배 부부도 관심은 있는데 후배 부인이 겁이 난다고 망설이고 있는가 봐요.\r\n\r\n그래서 남편이 가볍게 술이나 한잔하면서 우리 경험담을 얘기해주고 부담스러우면 하지 않아도 된다고 했대요. 그리고 한방에서 가볍게 부부끼리 페팅 정도만 해도 좋은 경험이 된다고 했대요. 그래서 후배는 교환 섹스보다는 한방에서 부부끼리 페팅까지만 진행을 시켜달라고 했나 봐요.\r\n\r\n전 남편의 얘기를 듣고 은근히 화가 나더라고요. 사실 몇 번의 경험은 있지만 다들 모르는 사람이었고 이런 일을 저와 의논도 하지 않고 약속을 하다니 말이에요. 남편은 제가 기분이 상한 것을 눈치채고는 오늘 갑자기 약속이 되었다고 여러 가지 변명을 늘어놓더라고요.\r\n\r\n하긴 사실 저도 4개월 정도 평범한 섹스를 해 와서 약간에 자극이 있는 섹스를 원하기는 했지만 남편이 잘 아는 후배라서 그런지 내키지가 않더군요. 속으로는 일본 언니네하고나 했으면 좋겠다고 생각이 들더군요.^^ (너무 솔직하지요?)\r\n\r\n어찌 되었든 남편과 저는 근처 조그마한 한식집에서 후배 부부를 만나게 되었어요.\r\n\r\n후배 얼굴을 보고나니 기억이 나더군요. 좀 마른 편이고 키는 훤칠했어요. 그리고 후배 부인은 처음 보았는데 대조적으로 키가 작고 통통했어요. 귀엽더군요.\r\n\r\n남편도 후배 결혼식 때 부인을 보고 오늘 몇 년만에 보는 것이라 했지요. 남편은 부인과 인사를 하면서 연신 싱글거리는데 음흉해 보이더군요. (남자들이란...)\r\n\r\n전 사실 내용을 알기에 좀 어색했지만 후배 부인은 모르는 것 같았어요.\r\n\r\n잠시 후 남편이 시킨 고기와 소주 나오고 소주잔이 오가는 사이에 서먹함은 없어지고 편안한 자리가 되었지요. 부인은 술기운인지 자리가 편해서인지 금방 저보고 언니라고 하며 잘 따랐어요. 그리고 말을 낮추라며 이름을 부르라고 했어요.\r\n\r\n동생 이름은 연희(가명)였어요. 연희는 제법 술을 잘했지요. 얼굴이 빨개지니 더 귀여워 보이더군요. 우리는 소주를 3병 정도 비우고야 자리에서 일어났어요.\r\n\r\n우리가 자리를 옮겨 간 곳은 다름 아닌 후배 집이었어요. 결혼한 지 7년이 넘었는데 아직 아이가 없어서 걱정이라 하더군요. 후배 집은 조그마한 빌라였는데 아이가 없어서인지 신혼집 같았지요.\r\n\r\n연희는 옷도 갈아입지 않고 거실에 술상을 차렸어요. 두어 잔쯤 빈 양주였는데 좋은 술이라고 하며 그걸 마시자고 하더군요. 남편은 뭐가 그리도 좋은지 손까지 내저으며 좋다고 하더군요 (속 보인다 인간아~^^)\r\n\r\n잠시 후 남편과 후배는 반바지로 갈아입고 나오면서 저보고도 편한 옷으로 갈아입으라고 권했어요. 그 말을 들은 연희는 저를 방으로 데리고 가서 옷장을 열며 펀한 옷으로 갈아입으라고 하더군요.\r\n\r\n전 옷장에서 원피스를 골라 입었는데 제가 키가 커서인지 무척 짧게 느껴졌어요. 연희도 제가 입은 것이랑 비슷한 것을 입었는데 무릎 한참 밑까지 오더군요. 우린 옷을 갈아입고 거실로 나와 각각 남편들 옆에 앉았어요.\r\n\r\n남편과 후배는 어느새 몇 잔씩에 술을 한 것 같아 보이더군요. 남편은 일부러 그러는 것인지 눈이 부시다며 불을 줄이라고 하자 후배는 거실 불을 끄고 베란다 불을 켰어요. 조금은 분위기가 잡히더군요.\r\n\r\n우리도 옆에 앉아 3잔째 잔을 받을 때 남편이 말을 했어요. 혹시 부부끼리 보는 비디오 있는냐구요. 후배는 웃으며 있다고 하자 연희 씨는 창피하다며 울상이 되어 후배를 말리더군요. 순간 남편이 거들대요. 성인들끼리인데 괜찮다고 하면서요. 후배는 연희의 말에 아랑곳없이 CD를 넣었어요.\r\n\r\n잠시 후 화면이 나오기 시작을 하는데 흑인들이 길거리에서 여자들을 헌팅해서 섹스하는 내용이었어요. 처음에는 섹스하는 내용 없이 나올 때는 연희 씨도 화면을 응시했는데 5분 정도 지나자 헌팅한 여자를 흑인 둘이 옷을 벗기며 섹스를 시작하자 연희는 시선을 어디에 둘지 몰라하더군요.\r\n\r\n그것을 눈치챈 후배는 웃으며 둘이 있을 때는 좋다고 보면서 왜 내숭을 떠냐며 웃으니 연희는 창피한지 귀엽게 인상을 쓰며 언제 그랬냐고 우기데요. 후배는 웃으며 일어나 베란다 전등마저도 꺼버렸어요.\r\n\r\n하지만 TV 화면만으로도 작은 거실은 훤히 다 보였어요. 이렇게 다들 말도 없이 화면을 보고 있는데 갑자기 남편 손이 내 손을 잡더니 자기 성기 위에 올려놓더군요. \r\n\r\n순간 후배가 그 모습을 본 것 같았어요. 전 모른 체하고 남편의 성기를 옷 위로 만져주니 금세 딱딱해져 오더군요.\r\n\r\n후배도 연희 손을 잡고 자신의 성기 위로 올리려 하는 것 같은데 연희가 손에 힘을 주며 버티는 것 같았어요. 하지만 그것도 잠시 연희 손이 후배 성기 위에 자리를 잡았지요. 하지만 부끄러운지 전혀 움직임은 없었고 그저 손만 올리고 있는 것 같았어요.\r\n\r\n전 그나마 경험이 있어서인지 그러는 연희가 귀엽게만 보였지요. 그리고 한편 전 몸이 찌릿해지는 느낌이 오기 시작했어요. 아래도 촉촉이 젖어드는 느낌이 오기도 했고요. 그걸 남편이 알았는지 남편의 손이 제 허벅지를 쓰다듬으면서 아래쪽으로 점점 올라오기 시작했죠. 이윽고 남편의 손은 팬티라인까지 올라와있었요.\r\n\r\n그때 연희도 흥분이 되는지 후배의 성기를 주무르는 것이 보였어요. 또한 후배도 연희의 허벅지를 만지는지 팔의 움직임이 눈에 들어왔어요.\r\n\r\n순간 침묵을 깨고 남편이 연희에게 한마디 했어요. 후배한테 들은 얘기며 우리 부부도 스와핑 경험이 몇 번 있었다고... 그리고 오늘 부부 교환은 없이 섹스도 하지말고 그저 가볍게 페팅 정도만이라도 즐기자고요.\r\n\r\n연희는 죄인이라도 된 듯이 고개만 떨구고 가만히 있었지요. 당연히 처음인 연희에게는 부끄럽고 당황스러웠을 거예요.\r\n\r\n이렇게 잠시 침묵이 흐를 때 남편은 저를 남편 다리를 베고 눕게 했어요. 제가 남편 다리를 베고 눕자 남편은 제 가슴을 만지기 시작했죠. 전 누운 상태로 남편의 성기를 만져주었어요.\r\n\r\n누워서 술상 밑으로 연희 씨를 보니 연희 씨 다리는 약간 벌어져 있고 후배는 연희의 깊은 곳을 만져주었어요. 간간이 연희의 한숨이 들리기도 했죠.\r\n\r\n그리고 후배는 내가 상 밑으로 보고 있는 것을 아는지 모르는지 자신의 바지 자크를 내려 성기를 꺼내더니 연희의 손에 쥐어 주었요. 후배의 성기는 힘있게 발기되어 있었는데 그리 커 보이지는 않았어요.\r\n\r\n연희는 천천히 후배의 성기를 위아래로 훑으며 만져주더군요. 전 오랜만에 다른 남자의 성기를 보아서인지 후배의 성기를 연희가 만지는 것을 보자 제 아래에서는 물이 점점 많이 흐르는 것을 느낄 수 있었어요.\r\n\r\n그리고 가슴을 만지던 남편은 원피스 자락을 가슴까지 올리려 했어요. 순간 나도 모르게 손에 힘을 주며 말리려 했지만 남편은 끝내 가슴이 드러날 정도로 옷을 말아 올렸어요. \r\n\r\n그때 소리가 나서 연희 쪽을 보니 연희도 저와 같은 모습으로 후배의 다리를 베고 눕더군요. 후배는 남편을 따라 하듯이 연희의 옷을 올려 가슴이 드러나도록 했어요. 후배는 남편보다 먼저 연희의 브라를 풀고 연희의 유방을 만지기 시작했어요. 연희는 흥분이 많이 되는지 두 눈을 꼭 감고 있더군요.\r\n\r\n연희의 유방은 작고 생긴 거와 같이 아담했어요. 유방을 만지던 후배의 손은 아래로 내려가더니 연희의 보지 둔덕을 마사지를 하듯이 손바닥으로 지긋하게 누르며 돌리더군요.\r\n\r\n이제 저도 흥분에 휩싸이기 시작을 했어요. 전 남편의 성기 쪽으로 돌아누워 자크를 열고 \r\n남편의 성기를 밖으로 꺼내어 입으로 핥아주었어요. 처음에는 귀두만 입 안에 넣어 혀를 돌려가며 귀두를 핥다가 점점 남편의 성기를 입속 깊이 넣어가며 기둥 전체를 빨아주었지요. 남편은 좋은지 가끔 몸이 꿈틀 꿈틀대더군요.\r\n\r\n내가 남편의 성기를 빨아주기 시작하자 남편의 손은 내 팬티 안으로 들어와 손가락 하나로 내 보지 골을 따라 위아래로 움직이며 저를 애태우기를 시작했죠. 그리고는 제 약점인 클리토리스를 손가락 끝으로 누르면서 돌려주었어요. 전 항상 이러면 반응을 하듯이 참지 못하고 큰소리로 으흥~~하며 신음소리를 냈어요.\r\n\r\n전 잠시 연희가 궁금해서 남편의 성기에서 입을 떼고 돌아보니 연희도 후배의 성기를 빨고 있었어요. 당시 제 느낌으론 어색해서 그런지는 몰라도 많이 해본 것 같지는 않더군요. 후배도 이제 많이 흥분이 되었는지 연희의 팬티를 벗기고 있었어요. 연희는 후배가 팬티를 벗기려 하자 엉덩이를 들어주며 도와주었어요.\r\n\r\n남편 또한 제 팬티를 벗기려 하기에 저도 벗기기 편하도록 해주었지요. 남편은 제 팬티를 다 벗기고는 쿠션 하나를 내 머리에 넣어주고는 제 다리 사이로 자리를 잡았어요.\r\n\r\n그리고는 두 손으로는 제 유방을 만지며 제 보지를 핥기 시작했죠. 전에도 글에 올린 적이 있지만 전 남들보다 클리토리스가 커서 조금만 진하게 보지를 핥아주면 금세 오르가즘을 느끼거든요.^^ 남편은 절 너무 잘 알아요. 어떻게 하면 내가 좋아하는지를요.\r\n\r\n(참고) 대한민국에 모든 남성 여성분들 섹스할 때 상대방이 어떻게 해주면 좋은지를 꼭꼭 말을 하세요. 그건 부끄러운 일이 아니랍니다. 내가 괜한 걱정인가? ~^^~\r\n\r\n남편은 한 손으로 제 보지 둔덕을 누르듯이 올려 제 큰 클리토리스를 더 크게 보이게 한 후 혀끝으로 간지러 주었어요. 전 더 이상 참지 못하고 남편의 머리를 제 보지 쪽으로 당기며 애써 나오는 신음소리를 참았지만 금방 포기하고 말았어요.\r\n\r\n남편 후배 부부가 있었지만 큰 소리로 신음소리를 냈어요. 그리고 벌써 한 번의 오르가즘을 느끼고 있었죠.\r\n\r\n거친 호흡을 달래며 연희를 보자 후배도 연희의 보지를 핥고 있었어요. 연희는 신음소리를 내지않으려는 듯이 이를 악물고 인상을 쓰며 참는 듯했어요.\r\n\r\n전 상 밑으로 팔을 뻗어 연희의 손을 잡아주었어요. 연희는 놀랐는지 움찔하더니 고개를 돌려 절 보더군요. 순간 전 후회를 했죠. 연희가 많이 부끄러워하는 것 같았거든요.\r\n\r\n연희는 잠시 절 보더니 다시 천정을 보며 눈을 감고있었어요. 그때였어요. 남편은 제 보지서 입을 떼고 일어서더니 술상을 들어 한쪽으로 치우는 거예요. 그리고는 다시 제 다리 사이에 엎드리더니 다시 제 아래에 입을 맞추어 왔어요.\r\n\r\n자그마한 상이었지만 상을 치우고 나니 우린 서로를 더 잘 볼 수 있었지요. 아마 남편은 연희의 모습을 더 자세히 보고 싶었겠죠. \r\n\r\n남편은 저에게 새로운 주문을 했어요. 저보고 엎드리라고 했죠. 이런 포즈는 남편하고 둘이서만 하는 포즈인데(^^) 남편은 제가 주춤하자 한손으로 제 엉덩이를 들며 엎드리게 했어요.\r\n\r\n남편의 요구에 따라 엎드려 엉덩이를 들어주니, 꼬리뼈부터 항문을 지나 벌어진 제 보지를 혀로 핥아주었어요. (전 개인적으로 남편이 이런 포즈를 하라고 하면 미리 아래에 물이 흐르는 것을 느끼거든요. 너무 흥분되는 모습이잖아요. ^^) 항문을 혀끝으로 찌르기도 하고, 혀를 길게 빼서 보지 안까지 깊이 휘저었어요.\r\n\r\n엎드려 남편의 애무를 받으며 연희의 모습을 더 잘 볼 수 있었어요. 이젠 연희 입에서도 신음소리가 흘러나왔어요. 전 연희가 신음소리를 내며 인상을 쓰는 모습이 정말 귀엽게 느껴졌어요. 전 손을 뻗어 연희 얼굴을 만져주었지요.\r\n\r\n순간 후배 목소리가 들려 왔어요.\r\n\r\n\"형수, 연희 젖 좀 만져줘요\" \r\n\r\n난 그 말이 끝나기도 무섭게 얼굴을 만지던 손을 내려 연희 유방을 쓰다듬으며 만져주었어요. 내 손길을 느낀 연희는 으흥하며 더 크게 신음소리를 내더군요. 아마 제가 일본 언니가 제 몸에 처음 손길이 닿았을 때 그런 감정이었겠죠.\r\n\r\n연희의 유방을 만지며 유두를 손가락으로 만지작거리자, 연희는 더이상 참지 못하겠는지 후배에게 넣어줘, 넣어줘, 하며 후배의 머리를 잡고 위쪽으로 당기고 있었지요.\r\n\r\n그때 남편도 이제 참지를 못하겠는지 제 보지에서 입을 떼더니 제 엉덩이를 잡고는 성기를 제 안에 넣으려 했어요. 그리고 남편의 성기는 곧 제 보지 속을 채우며 들어왔어요. 그리고는 앞 뒤로 움직이며 저를 황홀하게 만들어갔지요.\r\n\r\n후배도 곧 연희 위로 올라와 정상위로 연희의 보지에 성기를 넣고는 엉덩이를 돌려가며 연희의 보지 맛을 감상이라도 하듯이 천천히 천천히 움직였어요.\r\n\r\n연희는 이제 거의 이성을 잃어버린 것 같았어요. 연희는 언니 언니 하며 절 자기 쪽으로 당겨 이유를 몰랐는데 연희는 제 유방을 만지더니 제 유방을 자기 쪽으로 약간 당기는 거였어요. 전 그때 연희의 의도를 알아차리고 엎드려있는 상태로 조금씩 앞으로 가서 제 유방을 연희 입에 넣어주었어요.\r\n\r\n연희는 한 손으로는 자신의 가슴을 만지며 다른 손으로는 제 유방을 만졌지요. 입으로는 오물거리며 제 유두를 살짝살짝 깨물며 빨아주었어요. 저도 오랜만에 느껴보는 쾌감이었어요.\r\n\r\n그때였어요. 후배가 허리를 들더니 손을 뻗어 제 유방에서 연희의 손을 떼더니 제 유방을 만지더군요. 전 그냥 느끼고만 있었죠.\r\n\r\n그런데 후배에게는 선배 부인의 유방을 만지는 것이 또 다른 큰 흥분이었는지 제 유방을 만지자마자 으~~~~하며 사정을 하는 것 같았어요. 그때 연희도 새로운 경험에서의 흥분이었는지 여보~~~~하며 소리를 크게 지르며 오르가즘을 느끼고 있었어요.\r\n\r\n남편도 제 엉덩이를 세게 잡더니 몸을 빨리 움직이며 시정을 하려는 거 같았어요. 남편은 저에게 입으로 입으로, 라고 하며 제 입에다가 사정을 하고 싶어 했어요.\r\n\r\n순간 남편은 성기를 제 보지에서 빼더니 제 앞으로 와서 무릎을 꿇었어요. 전 얼른 남편의 성기를 입에 물고 한 손으로 흔들어 주었지요. 남편은 금방 사정을 할 줄 알았는데 좀 시간이 걸렸어요.\r\n\r\n남편의 사정을 돕고 있을 때 누군가 제 뒤에서 보지를 만지는 것을 느꼈어요. 잠시 남편의 성기에서 입을 떼고 뒤를 보자 후배가 뒤에서 조심스럽게 제 보지를 만지고 있었어요. 전 모른 체하고는 다시 남편의 성기를 빨아주었지요.\r\n\r\n후배는 제 뒤에서 아주 천천히 제 보지에 손가락을 넣어 왔어요. 그리고는 앞뒤로 움직여 주었지요. 전 후배의 손가락이 들어오자 새로운 느낌으로 한번 더 오르가즘을 느꼈고 남편도 많은 양의 정액을 제 입에 사정을 했어요.\r\n\r\n\r\n==============================\r\n\r\n1년 넘게 쉬다가 글을 쓰려고 하니 많이 힘드네요. 글이 매끄럽지 못한 점 이해하시고요. 미흡한 글이나마 자주 올려 볼게요.\r\n\r\n물론 이것 또한 경험담이고요. 3~4 편 정도 더 써볼까 합니다.\r\n\r\n그리고 당부 말씀인데요. 너무 욕하지는 마세요. 저희 부부는 행복하니까요.');
/*!40000 ALTER TABLE `story_data` ENABLE KEYS */;
UNLOCK TABLES;

--
-- Table structure for table `views`
--

DROP TABLE IF EXISTS `views`;
/*!40101 SET @saved_cs_client     = @@character_set_client */;
/*!40101 SET character_set_client = utf8 */;
CREATE TABLE `views` (
  `story_num` mediumint(8) unsigned NOT NULL DEFAULT '0',
  `ip` int(10) unsigned NOT NULL,
  PRIMARY KEY (`story_num`)
) ENGINE=InnoDB DEFAULT CHARSET=utf8;
/*!40101 SET character_set_client = @saved_cs_client */;

--
-- Dumping data for table `views`
--

LOCK TABLES `views` WRITE;
/*!40000 ALTER TABLE `views` DISABLE KEYS */;
/*!40000 ALTER TABLE `views` ENABLE KEYS */;
UNLOCK TABLES;
/*!40103 SET TIME_ZONE=@OLD_TIME_ZONE */;

/*!40101 SET SQL_MODE=@OLD_SQL_MODE */;
/*!40014 SET FOREIGN_KEY_CHECKS=@OLD_FOREIGN_KEY_CHECKS */;
/*!40014 SET UNIQUE_CHECKS=@OLD_UNIQUE_CHECKS */;
/*!40101 SET CHARACTER_SET_CLIENT=@OLD_CHARACTER_SET_CLIENT */;
/*!40101 SET CHARACTER_SET_RESULTS=@OLD_CHARACTER_SET_RESULTS */;
/*!40101 SET COLLATION_CONNECTION=@OLD_COLLATION_CONNECTION */;
/*!40111 SET SQL_NOTES=@OLD_SQL_NOTES */;

-- Dump completed on 2015-10-14  4:04:22
